#
# A fatal error has been detected by the Java Runtime Environment:
#
#  EXCEPTION_ACCESS_VIOLATION (0xc0000005) at pc=0x00007ff9f0a8e349, pid=35252, tid=49120
#
# JRE version: OpenJDK Runtime Environment (25.0.1+8) (build 25.0.1+8-27)
# Java VM: OpenJDK 64-Bit Server VM (25.0.1+8-27, mixed mode, sharing, tiered, compressed oops, compressed class ptrs, g1 gc, windows-amd64)
# Problematic frame:
# C  [awt.dll+0xde349]
#
# No core dump will be written. Minidumps are not enabled by default on client versions of Windows
#
# If you would like to submit a bug report, please visit:
#   https://bugreport.java.com/bugreport/crash.jsp
# The crash happened outside the Java Virtual Machine in native code.
# See problematic frame for where to report the bug.
#

---------------  S U M M A R Y ------------

Command Line: --enable-preview -javaagent:C:\Program Files\JetBrains\IntelliJ IDEA Community Edition 2025.1.3\lib\idea_rt.jar=55524 -Dfile.encoding=UTF-8 -Dsun.stdout.encoding=UTF-8 -Dsun.stderr.encoding=UTF-8 main.app.MainFrame

Host: 13th Gen Intel(R) Core(TM) i5-13420H, 12 cores, 15G,  Windows 11 , 64 bit Build 26100 (10.0.26100.7920)
Time: Tue Apr  7 21:43:41 2026 Malay Peninsula Standard Time elapsed time: 1259.302520 seconds (0d 0h 20m 59s)

---------------  T H R E A D  ---------------

Current thread (0x0000018258566660):  JavaThread "AWT-EventQueue-0"        [_thread_in_native, id=49120, stack(0x000000500fb00000,0x000000500fc00000) (1024K)]

Stack: [0x000000500fb00000,0x000000500fc00000],  sp=0x000000500fbfee90,  free space=1019k
Native frames: (J=compiled Java code, j=interpreted, Vv=VM code, C=native code)
C  [awt.dll+0xde349]  (no source info available)
C  [awt.dll+0xdd6e2]  (no source info available)
C  0x000001824828d193  (no source info available)

The last pc belongs to native method entry point (kind = native) (printed below).
Java frames: (J=compiled Java code, j=interpreted, Vv=VM code)
j  sun.awt.Win32GraphicsConfig.getBounds(I)Ljava/awt/Rectangle;+0 java.desktop@25.0.1
j  sun.awt.Win32GraphicsConfig.getBounds()Ljava/awt/Rectangle;+8 java.desktop@25.0.1
j  sun.awt.Win32GraphicsDevice.displayChanged()V+23 java.desktop@25.0.1
j  sun.awt.Win32GraphicsEnvironment.displayChanged()V+271 java.desktop@25.0.1
j  sun.awt.windows.WToolkit.lambda$displayChanged$0()V+15 java.desktop@25.0.1
j  sun.awt.windows.WToolkit$$Lambda+0x00000000902773f8.run()V+0 java.desktop@25.0.1
J 5200 c2 java.awt.EventQueue.dispatchEvent(Ljava/awt/AWTEvent;)V java.desktop@25.0.1 (48 bytes) @ 0x00000182489834f0 [0x0000018248983200+0x00000000000002f0]
J 3909 c1 java.awt.EventDispatchThread.pumpOneEventForFilters(I)V java.desktop@25.0.1 (106 bytes) @ 0x000001824132b394 [0x000001824132ab80+0x0000000000000814]
j  java.awt.EventDispatchThread.pumpEventsForFilter(ILjava/awt/Conditional;Ljava/awt/EventFilter;)V+35 java.desktop@25.0.1
j  java.awt.EventDispatchThread.pumpEventsForHierarchy(ILjava/awt/Conditional;Ljava/awt/Component;)V+11 java.desktop@25.0.1
j  java.awt.EventDispatchThread.pumpEvents(ILjava/awt/Conditional;)V+4 java.desktop@25.0.1
j  java.awt.EventDispatchThread.pumpEvents(Ljava/awt/Conditional;)V+3 java.desktop@25.0.1
j  java.awt.EventDispatchThread.run()V+9 java.desktop@25.0.1
v  ~StubRoutines::call_stub 0x00000182482812ed

siginfo: EXCEPTION_ACCESS_VIOLATION (0xc0000005), reading address 0x0000000000000028


Registers:
RAX=0x0000000000000000, RBX=0x000001825f0684a0, RCX=0x0000000000000000, RDX=0x0000000000000000
RSP=0x000000500fbfee90, RBP=0x0000000000000000, RSI=0x0000000000000000, RDI=0x0000000000000000
R8 =0x0000000000000001, R9 =0x000000500e12e000, R10=0x00000182593167e0, R11=0x0000000000000004
R12=0x0000000000000000, R13=0x000001825d1f4008, R14=0x000001825d6739e0, R15=0x0000000000000000
RIP=0x00007ff9f0a8e349, EFLAGS=0x0000000000010246

XMM[0]=0x0000000000000000 0x0000000000000000
XMM[1]=0x0000000000000000 0x000000500fbfef60
XMM[2]=0x0000000000000000 0x0000000000000000
XMM[3]=0x0000000000000000 0x0000000000000000
XMM[4]=0x0000000000000000 0x0000000000000000
XMM[5]=0x0000000000000000 0x0000000000000000
XMM[6]=0x0000000000000000 0x8fc30fe66c9d5dfb
XMM[7]=0x0000000000000000 0xb76c25743618890c
XMM[8]=0x0000000000000000 0x97058b370aa274b1
XMM[9]=0x0000000000000000 0x9e932d087ee8b7e0
XMM[10]=0x0000000000000000 0x00000000e0558ad8
XMM[11]=0x0000000000000000 0x69f3b40de8dc6bed
XMM[12]=0x0000000000000000 0x000000007ee8b7e0
XMM[13]=0x0000000000000000 0x4036000000000000
XMM[14]=0x0000000000000000 0x0000000000000000
XMM[15]=0x0000000000000000 0x0000000000000000
  MXCSR=0x00001fa7


Register to memory mapping:

RAX=0x0 is null
RBX=0x000001825f0684a0 points into unknown readable memory: 0x000001825ecfcf50 | 50 cf cf 5e 82 01 00 00
RCX=0x0 is null
RDX=0x0 is null
RSP=0x000000500fbfee90 is pointing into the stack for thread: 0x0000018258566660
RBP=0x0 is null
RSI=0x0 is null
RDI=0x0 is null
R8 =0x0000000000000001 is an unknown value
R9 =0x000000500e12e000 points into unknown readable memory: 0x0000000000000000 | 00 00 00 00 00 00 00 00
R10={method} {0x00000182593167e8} '<init>' '(IIII)V' in 'java/awt/Rectangle'
R11=0x0000000000000004 is an unknown value
R12=0x0 is null
R13=0x000001825d1f4008 points into unknown readable memory: 0x00000182593167e0 | e0 67 31 59 82 01 00 00
R14=0x000001825d6739e0 points into unknown readable memory: 0x0000000706800c50 | 50 0c 80 06 07 00 00 00
R15=0x0 is null

Top of Stack: (sp=0x000000500fbfee90)
0x000000500fbfee90:   00007ff9f0aec838 000001825f0684a0   8.........._....
0x000000500fbfeea0:   000001825d6739e0 000001825f0684a0   .9g]......._....
0x000000500fbfeeb0:   0000018258566aa8 00007ff9f0a8d6e2   .jVX............
0x000000500fbfeec0:   000001825f0684a0 000001825f0684a0   ..._......._....
0x000000500fbfeed0:   0000000000000000 0000000000000000   ................
0x000000500fbfeee0:   0000018258566660 00007ffa50ee0000   `fVX.......P....
0x000000500fbfeef0:   0000018258566660 0000000000000000   `fVX............
0x000000500fbfef00:   0000000000000000 0000000000000000   ................
0x000000500fbfef10:   00008670aa3603ec 00000000000000b6   ..6.p...........
0x000000500fbfef20:   0000018258566660 000000500fbff008   `fVX........P...
0x000000500fbfef30:   000001825930e9b8 0000000000000000   ..0Y............
0x000000500fbfef40:   0000000000000001 0000000000000000   ................
0x000000500fbfef50:   000000500fbfefe0 000001824828d193   ....P.....(H....
0x000000500fbfef60:   000000500fbfef78 000001825930e9b8   x...P.....0Y....
0x000000500fbfef70:   0000018248288b18 0000000000000000   ..(H............
0x000000500fbfef80:   00000007066a8858 00000007090434c0   X.j......4......
0x000000500fbfef90:   00000007090434c0 fffffffffffffff7   .4..............
0x000000500fbfefa0:   0000000000000000 0000000000000005   ................
0x000000500fbfefb0:   0000018259311438 0000000000000000   8.1Y............
0x000000500fbfefc0:   0000000706800890 000001825930e9b8   ..........0Y....
0x000000500fbfefd0:   0000000000000000 000000500fbff000   ............P...
0x000000500fbfefe0:   000000500fbff058 0000018248288cb2   X...P.....(H....
0x000000500fbfeff0:   0000000000000000 000001824828a75a   ........Z.(H....
0x000000500fbff000:   0000000000000000 00000007090434c0   .........4......
0x000000500fbff010:   fffffffffffffff7 000001825930ea60   ........`.0Y....
0x000000500fbff020:   0000000000000002 0000018259311438   ........8.1Y....
0x000000500fbff030:   0000000000000000 0000000706800890   ................
0x000000500fbff040:   000001825930ea78 fffffffffffffff5   x.0Y............
0x000000500fbff050:   000000500fbff068 000000500fbff0b8   h...P.......P...
0x000000500fbff060:   0000018248288cb2 00000007090434c0   ..(H.....4......
0x000000500fbff070:   fffffffffffffff7 00000182592cbf37   ........7.,Y....
0x000000500fbff080:   0000000000000003 00000182592cd6b8   ..........,Y....

Instructions: (pc=0x00007ff9f0a8e349)
  0x00007ff9f0a8e249:   cc cc cc cc cc cc cc 48 89 5c 24 08 48 89 6c 24
  0x00007ff9f0a8e259:   10 48 89 74 24 18 57 48 83 ec 20 41 8b f8 0f b6
  0x00007ff9f0a8e269:   f2 48 8b e9 e8 3e a1 f4 ff 48 8b d8 48 89 44 24
  0x00007ff9f0a8e279:   48 41 b8 01 00 00 00 8b d7 48 8b c8 e8 96 a0 f4
  0x00007ff9f0a8e289:   ff 48 8b c8 44 0f b6 c6 48 8b d5 e8 77 fa ff ff
  0x00007ff9f0a8e299:   48 8b f8 48 8b cb e8 cc a2 f4 ff 90 48 8b c7 48
  0x00007ff9f0a8e2a9:   8b 5c 24 30 48 8b 6c 24 38 48 8b 74 24 40 48 83
  0x00007ff9f0a8e2b9:   c4 20 5f c3 cc cc cc 48 8b 49 28 e9 17 07 00 00
  0x00007ff9f0a8e2c9:   cc cc cc cc cc cc cc 48 89 5c 24 08 57 48 83 ec
  0x00007ff9f0a8e2d9:   20 8b f9 e8 cf a0 f4 ff 48 8b d8 48 89 44 24 38
  0x00007ff9f0a8e2e9:   41 b8 01 00 00 00 8b d7 48 8b c8 e8 27 a0 f4 ff
  0x00007ff9f0a8e2f9:   48 8b 08 8b 39 48 8b cb e8 6a a2 f4 ff 90 8b c7
  0x00007ff9f0a8e309:   48 8b 5c 24 30 48 83 c4 20 5f c3 cc cc cc cc cc
  0x00007ff9f0a8e319:   cc cc cc cc cc cc cc 48 89 5c 24 08 57 48 83 ec
  0x00007ff9f0a8e329:   20 8b f9 e8 7f a0 f4 ff 48 8b d8 48 89 44 24 38
  0x00007ff9f0a8e339:   41 b8 01 00 00 00 8b d7 48 8b c8 e8 d7 9f f4 ff
=>0x00007ff9f0a8e349:   48 8b 78 28 48 8b cb e8 1b a2 f4 ff 90 48 8b c7
  0x00007ff9f0a8e359:   48 8b 5c 24 30 48 83 c4 20 5f c3 cc cc cc cc cc
  0x00007ff9f0a8e369:   cc cc cc cc cc cc cc 48 89 5c 24 08 57 48 83 ec
  0x00007ff9f0a8e379:   20 8b f9 e8 2f a0 f4 ff 48 8b d8 48 89 44 24 38
  0x00007ff9f0a8e389:   41 b8 01 00 00 00 8b d7 48 8b c8 e8 87 9f f4 ff
  0x00007ff9f0a8e399:   48 8b 78 30 48 8b cb e8 cb a1 f4 ff 90 48 8b c7
  0x00007ff9f0a8e3a9:   48 8b 5c 24 30 48 83 c4 20 5f c3 cc cc cc cc cc
  0x00007ff9f0a8e3b9:   cc cc cc cc cc cc cc 48 89 5c 24 08 57 48 83 ec
  0x00007ff9f0a8e3c9:   20 8b f9 e8 df 9f f4 ff 48 8b d8 48 89 44 24 38
  0x00007ff9f0a8e3d9:   41 b8 01 00 00 00 8b d7 48 8b c8 e8 37 9f f4 ff
  0x00007ff9f0a8e3e9:   48 8b 78 08 48 85 ff 74 07 48 8b bf 08 0c 00 00
  0x00007ff9f0a8e3f9:   48 8b cb e8 6f a1 f4 ff 90 48 8b c7 48 8b 5c 24
  0x00007ff9f0a8e409:   30 48 83 c4 20 5f c3 f3 0f 10 41 48 c3 cc cc cc
  0x00007ff9f0a8e419:   cc cc cc cc cc cc cc f3 0f 10 41 4c c3 cc cc cc
  0x00007ff9f0a8e429:   cc cc cc cc cc cc cc 48 89 5c 24 10 48 89 74 24
  0x00007ff9f0a8e439:   18 55 57 41 56 48 8d 6c 24 e0 48 81 ec 20 01 00


Stack slot to memory mapping:

stack at sp + 0 slots: 0x00007ff9f0aec838 awt.dll
stack at sp + 1 slots: 0x000001825f0684a0 points into unknown readable memory: 0x000001825ecfcf50 | 50 cf cf 5e 82 01 00 00
stack at sp + 2 slots: 0x000001825d6739e0 points into unknown readable memory: 0x0000000706800c50 | 50 0c 80 06 07 00 00 00
stack at sp + 3 slots: 0x000001825f0684a0 points into unknown readable memory: 0x000001825ecfcf50 | 50 cf cf 5e 82 01 00 00
stack at sp + 4 slots: 0x0000018258566aa8 points into unknown readable memory: 0x00007ffa51bc6b50 | 50 6b bc 51 fa 7f 00 00
stack at sp + 5 slots: 0x00007ff9f0a8d6e2 awt.dll
stack at sp + 6 slots: 0x000001825f0684a0 points into unknown readable memory: 0x000001825ecfcf50 | 50 cf cf 5e 82 01 00 00
stack at sp + 7 slots: 0x000001825f0684a0 points into unknown readable memory: 0x000001825ecfcf50 | 50 cf cf 5e 82 01 00 00

Lock stack of current Java thread (top to bottom):

native method entry point (kind = native)  [0x000001824828cdc0, 0x000001824828d8b8]  2808 bytes
[MachCode]
  0x000001824828cdc0: 488b 4b08 | 0fb7 492e | 584c 8d74 | ccf8 6800 | 0000 0068 | 0000 0000 | 5055 488b | ec41 5548 
  0x000001824828cde0: 8b43 084c | 8d68 3848 | 8b40 0868 | 0000 0000 | 5348 8b50 | 1848 8b52 | 7048 8b12 | 5248 8b53 
  0x000001824828ce00: 1048 85d2 | 7407 4881 | c2d0 0000 | 0052 488b | 5010 5249 | 8bc6 482b | c548 c1e8 | 0350 6800 
  0x000001824828ce20: 0000 0068 | f7ff ffff | 41c6 87f1 | 0400 0001 | 488b 4310 | 4885 c074 | 208b 8890 | 0000 0083 
  0x000001824828ce40: c102 8988 | 9000 0000 | 2388 a400 | 0000 0f84 | b209 0000 | e9cf 0000 | 0048 8b43 | 1848 85c0 
  0x000001824828ce60: 0f85 b000 | 0000 e805 | 0000 00e9 | 9900 0000 | 488b d348 | 8d44 2408 | 4c89 6dc0 | 498b cfc5 
  0x000001824828ce80: f877 4989 | af38 0400 | 0049 8987 | 2804 0000 | 4883 ec20 | 40f6 c40f | 0f84 1900 | 0000 4883 
  0x000001824828cea0: ec08 48b8 | 401f 3551 | fa7f 0000 | ffd0 4883 | c408 e90c | 0000 0048 | b840 1f35 | 51fa 7f00 
  0x000001824828cec0: 00ff d048 | 83c4 2049 | c787 2804 | 0000 0000 | 0000 49c7 | 8738 0400 | 0000 0000 | 0049 c787 
  0x000001824828cee0: 3004 0000 | 0000 0000 | c5f8 7749 | 837f 0800 | 0f84 0500 | 0000 e9e5 | 42ff ff4c | 8b6d c04c 
  0x000001824828cf00: 8b75 c84e | 8d74 f500 | c348 8b43 | 1848 85c0 | 0f84 1200 | 0000 8b48 | 0883 c102 | 8948 0823 
  0x000001824828cf20: 482c 0f84 | de08 0000 | 493b a770 | 0500 000f | 8748 0000 | 0089 8424 | 00f0 ffff | 8984 2400 
  0x000001824828cf40: e0ff ff89 | 8424 00d0 | ffff 8984 | 2400 c0ff | ff89 8424 | 00b0 ffff | 8984 2400 | a0ff ff89 
  0x000001824828cf60: 8424 0090 | ffff 8984 | 2400 80ff | ff49 3ba7 | 6805 0000 | 7607 4989 | a770 0500 | 0041 c687 
  0x000001824828cf80: f104 0000 | 0048 8b5d | e84c 8b5b | 0845 0fb7 | 5b2e 41c1 | e303 492b | e348 83ec | 2048 83e4 
  0x000001824828cfa0: f04c 8b5b | 604d 85db | 0f85 ab00 | 0000 e805 | 0000 00e9 | 9900 0000 | 488b d348 | 8d44 2408 
  0x000001824828cfc0: 4c89 6dc0 | 498b cfc5 | f877 4989 | af38 0400 | 0049 8987 | 2804 0000 | 4883 ec20 | 40f6 c40f 
  0x000001824828cfe0: 0f84 1900 | 0000 4883 | ec08 48b8 | 7048 3551 | fa7f 0000 | ffd0 4883 | c408 e90c | 0000 0048 
  0x000001824828d000: b870 4835 | 51fa 7f00 | 00ff d048 | 83c4 2049 | c787 2804 | 0000 0000 | 0000 49c7 | 8738 0400 
  0x000001824828d020: 0000 0000 | 0049 c787 | 3004 0000 | 0000 0000 | c5f8 7749 | 837f 0800 | 0f84 0500 | 0000 e99d 
  0x000001824828d040: 41ff ff4c | 8b6d c04c | 8b75 c84e | 8d74 f500 | c348 8b5d | e84c 8b5b | 6041 ffd3 | 488b 5de8 
  0x000001824828d060: 4889 4518 | 440f b75b | 2c41 f6c3 | 080f 841b | 0000 004c | 8b5b 084d | 8b5b 084d | 8b5b 184d 
  0x000001824828d080: 8b5b 704d | 8b1b 4c89 | 5d10 488d | 5510 488b | 4358 49ba | a00f 7051 | fa7f 0000 | 493b c20f 
  0x000001824828d0a0: 85ab 0000 | 00e8 0500 | 0000 e999 | 0000 0048 | 8bd3 488d | 4424 084c | 896d c049 | 8bcf c5f8 
  0x000001824828d0c0: 7749 89af | 3804 0000 | 4989 8728 | 0400 0048 | 83ec 2040 | f6c4 0f0f | 8419 0000 | 0048 83ec 
  0x000001824828d0e0: 0848 b870 | 4835 51fa | 7f00 00ff | d048 83c4 | 08e9 0c00 | 0000 48b8 | 7048 3551 | fa7f 0000 
  0x000001824828d100: ffd0 4883 | c420 49c7 | 8728 0400 | 0000 0000 | 0049 c787 | 3804 0000 | 0000 0000 | 49c7 8730 
  0x000001824828d120: 0400 0000 | 0000 00c5 | f877 4983 | 7f08 000f | 8405 0000 | 00e9 a640 | ffff 4c8b | 6dc0 4c8b 
  0x000001824828d140: 75c8 4e8d | 74f5 00c3 | 488b 5de8 | 488b 4358 | 498d 8f48 | 0400 004c | 8d15 d500 | 0000 4d89 
  0x000001824828d160: 9730 0400 | 00c5 f877 | 4989 af38 | 0400 0049 | 89a7 2804 | 0000 41c7 | 87d4 0400 | 0004 0000 
  0x000001824828d180: 0049 3ba7 | c805 0000 | 7607 4989 | a7c8 0500 | 00ff d049 | 3ba7 c805 | 0000 720b | 49c7 87c8 
  0x000001824828d1a0: 0500 0000 | 0000 00c5 | f877 4883 | ec10 c5fb | 1104 2448 | 83ec 1048 | 8904 2448 | c744 2408 
  0x000001824828d1c0: 0000 0000 | 41c7 87d4 | 0400 0005 | 0000 00f0 | 8344 24c0 | 0049 3b6f | 280f 870e | 0000 0041 
  0x000001824828d1e0: 83bf d004 | 0000 000f | 8420 0000 | 0049 8bcf | 4c8b e448 | 83ec 2048 | 83e4 f048 | b8a0 ac36 
  0x000001824828d200: 51fa 7f00 | 00ff d049 | 8be4 4d33 | e441 c787 | d404 0000 | 0800 0000 | 4d8b 97f0 | 0500 0049 
  0x000001824828d220: 83fa 0074 | 3549 c787 | f005 0000 | 0000 0000 | 41ff e249 | ba60 be28 | 4882 0100 | 0041 ffd2 
  0x000001824828d240: 4883 ec10 | c5fb 1104 | 2448 83ec | 1048 8904 | 2448 c744 | 2408 0000 | 0000 49c7 | 8728 0400 
  0x000001824828d260: 0000 0000 | 0049 c787 | 3804 0000 | 0000 0000 | 49c7 8730 | 0400 0000 | 0000 00c5 | f877 4d8b 
  0x000001824828d280: 9fb8 0400 | 0041 c783 | 0001 0000 | 0000 0000 | 49bb 5aa7 | 2848 8201 | 0000 4c3b | 5d18 0f85 
  0x000001824828d2a0: 5501 0000 | 488b 0424 | 4883 c410 | 4885 c00f | 842f 0100 | 00a8 030f | 8508 0000 | 0048 8b00 
  0x000001824828d2c0: e91f 0100 | 00a8 010f | 8509 0000 | 0048 8b40 | fee9 0e01 | 0000 488b | 40ff 4180 | 7f48 000f 
  0x000001824828d2e0: 84ff 0000 | 0048 83f8 | 000f 84f5 | 0000 004d | 8b5f 384d | 85db 0f84 | 1400 0000 | 4983 eb08 
  0x000001824828d300: 4d89 5f38 | 4d03 5f40 | 4989 03e9 | d400 0000 | 4883 ec70 | 4889 0424 | 4889 4c24 | 0848 8954 
  0x000001824828d320: 2410 4c89 | 4424 184c | 894c 2420 | 4c89 5424 | 284c 895c | 2430 c5fb | 1144 2440 | c5fb 114c 
  0x000001824828d340: 2448 c5fb | 1154 2450 | c5fb 115c | 2458 c5fb | 1164 2460 | c5fb 116c | 2468 498b | d748 8bc8 
  0x000001824828d360: 4883 ec20 | 40f6 c40f | 0f84 1900 | 0000 4883 | ec08 48b8 | 2076 2951 | fa7f 0000 | ffd0 4883 
  0x000001824828d380: c408 e90c | 0000 0048 | b820 7629 | 51fa 7f00 | 00ff d048 | 83c4 20c5 | fb10 6c24 | 68c5 fb10 
  0x000001824828d3a0: 6424 60c5 | fb10 5c24 | 58c5 fb10 | 5424 50c5 | fb10 4c24 | 48c5 fb10 | 4424 404c | 8b5c 2430 
  0x000001824828d3c0: 4c8b 5424 | 284c 8b4c | 2420 4c8b | 4424 1848 | 8b54 2410 | 488b 4c24 | 0848 8b04 | 2448 83c4 
  0x000001824828d3e0: 70c5 f877 | 4889 4510 | 4883 ec10 | 4889 0424 | 48c7 4424 | 0800 0000 | 0041 83bf | 5005 0000 
  0x000001824828d400: 020f 85bf | 0000 0048 | 81ec 8000 | 0000 4889 | 4424 7848 | 894c 2470 | 4889 5424 | 6848 895c 
  0x000001824828d420: 2460 4889 | 6c24 5048 | 8974 2448 | 4889 7c24 | 404c 8944 | 2438 4c89 | 4c24 304c | 8954 2428 
  0x000001824828d440: 4c89 5c24 | 204c 8964 | 2418 4c89 | 6c24 104c | 8974 2408 | 4c89 3c24 | 4c8b e448 | 83ec 2048 
  0x000001824828d460: 83e4 f048 | b810 f76f | 51fa 7f00 | 00ff d049 | 8be4 4c8b | 3c24 4c8b | 7424 084c | 8b6c 2410 
  0x000001824828d480: 4c8b 6424 | 184c 8b5c | 2420 4c8b | 5424 284c | 8b4c 2430 | 4c8b 4424 | 3848 8b7c | 2440 488b 
  0x000001824828d4a0: 7424 4848 | 8b6c 2450 | 488b 5c24 | 6048 8b54 | 2468 488b | 4c24 7048 | 8b44 2478 | 4881 c480 
  0x000001824828d4c0: 0000 004d | 33e4 488b | 5de8 4c8b | 6b08 4d8d | 6d38 4983 | 7f08 000f | 84bb 0000 | 00e8 0500 
  0x000001824828d4e0: 0000 e996 | 0000 0048 | 8d44 2408 | 4c89 6dc0 | 498b cfc5 | f877 4989 | af38 0400 | 0049 8987 
  0x000001824828d500: 2804 0000 | 4883 ec20 | 40f6 c40f | 0f84 1900 | 0000 4883 | ec08 48b8 | b066 3551 | fa7f 0000 
  0x000001824828d520: ffd0 4883 | c408 e90c | 0000 0048 | b8b0 6635 | 51fa 7f00 | 00ff d048 | 83c4 2049 | c787 2804 
  0x000001824828d540: 0000 0000 | 0000 49c7 | 8738 0400 | 0000 0000 | 0049 c787 | 3004 0000 | 0000 0000 | c5f8 7749 
  0x000001824828d560: 837f 0800 | 0f84 0500 | 0000 e971 | 3cff ff4c | 8b6d c04c | 8b75 c84e | 8d74 f500 | c348 b928 
  0x000001824828d580: 0899 51fa | 7f00 0048 | 83e4 f048 | b800 8d5c | 51fa 7f00 | 00ff d0f4 | 440f b75b | 2c41 f6c3 
  0x000001824828d5a0: 200f 8472 | 0100 0048 | 8d55 a84c | 8b5a 084d | 85db 0f85 | bb00 0000 | e805 0000 | 00e9 9600 
  0x000001824828d5c0: 0000 488d | 4424 084c | 896d c049 | 8bcf c5f8 | 7749 89af | 3804 0000 | 4989 8728 | 0400 0048 
  0x000001824828d5e0: 83ec 2040 | f6c4 0f0f | 8419 0000 | 0048 83ec | 0848 b8e0 | 6535 51fa | 7f00 00ff | d048 83c4 
  0x000001824828d600: 08e9 0c00 | 0000 48b8 | e065 3551 | fa7f 0000 | ffd0 4883 | c420 49c7 | 8728 0400 | 0000 0000 
  0x000001824828d620: 0049 c787 | 3804 0000 | 0000 0000 | 49c7 8730 | 0400 0000 | 0000 00c5 | f877 4983 | 7f08 000f 
  0x000001824828d640: 8405 0000 | 00e9 963b | ffff 4c8b | 6dc0 4c8b | 75c8 4e8d | 74f5 00c3 | 48b9 2808 | 9951 fa7f 
  0x000001824828d660: 0000 4883 | e4f0 48b8 | 008d 5c51 | fa7f 0000 | ffd0 f44c | 896d c04c | 8b4a 0848 | c742 0800 
  0x000001824828d680: 0000 0045 | 8b87 d806 | 0000 4f3b | 4c07 f80f | 8542 0000 | 0041 83af | d806 0000 | 084f 3b4c 
  0x000001824828d6a0: 07f0 0f84 | 2a00 0000 | 498b 01a8 | 020f 8512 | 0000 004c | 8bc0 4983 | c801 f04d | 0fb1 010f 
  0x000001824828d6c0: 840d 0000 | 0041 8387 | d806 0000 | 08e9 0500 | 0000 e93e | 0000 004c | 894a 0848 | 8bca 4883 
  0x000001824828d6e0: ec20 40f6 | c40f 0f84 | 1900 0000 | 4883 ec08 | 48b8 3038 | 3551 fa7f | 0000 ffd0 | 4883 c408 
  0x000001824828d700: e90c 0000 | 0048 b830 | 3835 51fa | 7f00 00ff | d048 83c4 | 204c 8b6d | c041 c687 | 9603 0000 
  0x000001824828d720: 0149 3b6f | 280f 8705 | 0000 00e9 | ab00 0000 | 4883 ec10 | c5fb 1104 | 2448 83ec | 1048 8904 
  0x000001824828d740: 2448 c744 | 2408 0000 | 0000 c5f8 | 7749 89af | 3804 0000 | 49ba 4ad7 | 2848 8201 | 0000 4d89 
  0x000001824828d760: 9730 0400 | 0049 89a7 | 2804 0000 | 498b cf48 | 83ec 2040 | f6c4 0f0f | 8419 0000 | 0048 83ec 
  0x000001824828d780: 0848 b8d0 | 1e35 51fa | 7f00 00ff | d048 83c4 | 08e9 0c00 | 0000 48b8 | d01e 3551 | fa7f 0000 
  0x000001824828d7a0: ffd0 4883 | c420 49c7 | 8728 0400 | 0000 0000 | 0049 c787 | 3804 0000 | 0000 0000 | 49c7 8730 
  0x000001824828d7c0: 0400 0000 | 0000 00c5 | f877 488b | 0424 4883 | c410 c5fb | 1004 2448 | 83c4 1048 | 8b04 2448 
  0x000001824828d7e0: 83c4 10c5 | fb10 0424 | 4883 c410 | 4c8b 5d18 | 41ff d34c | 8b5d f8c9 | 41c6 8796 | 0300 0000 
  0x000001824828d800: 5f49 8be3 | ffe7 ba00 | 0000 00e8 | 0500 0000 | e996 0000 | 0048 8d44 | 2408 4c89 | 6dc0 498b 
  0x000001824828d820: cfc5 f877 | 4989 af38 | 0400 0049 | 8987 2804 | 0000 4883 | ec20 40f6 | c40f 0f84 | 1900 0000 
  0x000001824828d840: 4883 ec08 | 48b8 202e | 3551 fa7f | 0000 ffd0 | 4883 c408 | e90c 0000 | 0048 b820 | 2e35 51fa 
  0x000001824828d860: 7f00 00ff | d048 83c4 | 2049 c787 | 2804 0000 | 0000 0000 | 49c7 8738 | 0400 0000 | 0000 0049 
  0x000001824828d880: c787 3004 | 0000 0000 | 0000 c5f8 | 7749 837f | 0800 0f84 | 0500 0000 | e943 39ff | ff4c 8b6d 
  0x000001824828d8a0: c04c 8b75 | c84e 8d74 | f500 c348 | 8b5d e8e9 | 74f6 ffff | 0f1f 4000 
[/MachCode]

Compiled method (c2) 1259955 5200       4       java.awt.EventQueue::dispatchEvent (48 bytes)
 total in heap  [0x0000018248983108,0x0000018248983d50] = 3144
 main code      [0x0000018248983200,0x0000018248983cf8] = 2808
 stub code      [0x0000018248983cf8,0x0000018248983d40] = 72
 oops           [0x0000018248983d40,0x0000018248983d50] = 16
 mutable data [0x000001825ee78cc0,0x000001825ee78f50] = 656
 relocation     [0x000001825ee78cc0,0x000001825ee78dc8] = 264
 metadata       [0x000001825ee78dc8,0x000001825ee78f50] = 392
 immutable data [0x00000182585c1100,0x00000182585c1700] = 1536
 dependencies   [0x00000182585c1100,0x00000182585c1168] = 104
 nul chk table  [0x00000182585c1168,0x00000182585c11a0] = 56
 handler table  [0x00000182585c11a0,0x00000182585c1248] = 168
 scopes pcs     [0x00000182585c1248,0x00000182585c1458] = 528
 scopes data    [0x00000182585c1458,0x00000182585c1700] = 680

[Constant Pool (empty)]

[MachCode]
[Instructions begin]
  0x0000018248983200: 6690 448b | 5208 443b 

  0x0000018248983208: ;   {runtime_call Shared Runtime ic_miss_blob}
  0x0000018248983208: 5008 0f85 | d0b8 94ff 
[Verified Entry Point]
  0x0000018248983210: 8984 2400 | 80ff ff55 | 4883 ec50 | 4181 7f20 | 0300 0000 | 0f85 be0a | 0000 4c89 | 4424 1045 
  0x0000018248983230: 8b50 0c4c | 8bca 8b6a | 4c85 ed0f | 85a0 0500 | 0041 c640 | 1a01 458b | 7008 be00 | 0000 8f49 
  0x0000018248983250: 03f6 4c8b 

  0x0000018248983254: ;   {metadata('java/awt/event/InvocationEvent')}
  0x0000018248983254: 6e50 4181 | fe18 a002 

  0x000001824898325c: ;   {metadata('java/awt/event/MouseEvent')}
  0x000001824898325c: 0174 2441 | 81fe 602c | 2401 0f84 | fc02 0000 | 4c8b 5e20 

  0x0000018248983270: ;   {metadata('java/awt/ActiveEvent')}
  0x0000018248983270: 48b8 2025 | 2a59 8201 | 0000 4c3b | d80f 85a1 | 0200 0041 | 8b69 2c45 | 8b5c ec08 

  0x000001824898328c: ;   {metadata('java/util/concurrent/locks/ReentrantLock')}
  0x000001824898328c: 4181 fbb0 | 871d 000f | 8587 0500 | 004d 8d14 | ec45 8b52 | 0c45 85d2 | 0f84 5a05 | 0000 33c0 
  0x00000182489832ac: 4d8b 9f10 | 0400 0049 | 8b0b 41b8 | 0100 0000 | f047 0fb1 | 44d4 1841 | 0f94 c345 | 0fb6 db45 
  0x00000182489832cc: 85db 0f84 | 0d04 0000 | 4f8d 44d4 | 0c41 807f | 4800 0f85 | 9007 0000 | 488b d948 | c1eb 0341 
  0x00000182489832ec: 8918 4d8b | d84c 33d9 | 49c1 eb15 | 0f84 1e00 | 0000 4d8b | d849 c1eb | 0948 bb00 | 2098 4d82 
  0x000001824898330c: 0100 004c | 03db 4180 | 3b02 0f85 | d407 0000 

  0x000001824898331c: ;   {oop(a 'java/lang/Class'{0x000000071405b4b0} = 'java/awt/EventQueue')}
  0x000001824898331c: 49ba b0b4 | 0514 0700 | 0000 410f | b6aa b000 | 0000 85ed | 0f85 1605 | 0000 418b | 6934 4c8b 
  0x000001824898333c: d549 c1e2 | 0349 3bca | 0f85 1a05 | 0000 498b | 87c8 0100 | 004c 8bd0 | 4983 c220 | 4d3b 97d8 
  0x000001824898335c: 0100 000f | 8328 0400 | 004d 8997 | c801 0000 | 410f 0d8a | c000 0000 | 48c7 0001 

  0x0000018248983378: ;   {metadata('java/lang/ref/WeakReference')}
  0x0000018248983378: 0000 00c7 | 4008 1873 | 1b00 4c89 | 6010 4c89 | 6018 4c8b | 5424 104d | 8bda 49c1 | eb03 4489 
  0x0000018248983398: ;   {oop(a 'java/lang/ref/ReferenceQueue$Null'{0x000000071446e478})}
  0x0000018248983398: 580c 41ba | 8fdc 88e2 | 4c8d 4010 | 4589 10f0 | 8344 24c0 | 004d 8d51 | 4041 807f | 4800 0f85 
  0x00000182489833b8: a907 0000 | 4c8b c049 | c1e8 0345 | 8902 4d8b | da4c 33d8 | 49c1 eb15 | 0f84 1e00 | 0000 4d8b 
  0x00000182489833d8: da49 c1eb | 0949 b800 | 2098 4d82 | 0100 004d | 03d8 4180 | 3b02 0f85 | f707 0000 

  0x00000182489833f4: ;   {metadata('java/awt/event/InputEvent')}
  0x00000182489833f4: 49ba c062 | 1759 8201 | 0000 4d3b | ea0f 85f4 | 0100 004c | 8b54 2410 | 4d8b 5220 

  0x0000018248983410: ;   {metadata('java/awt/event/KeyEvent')}
  0x0000018248983410: 4181 fea0 | 3e07 0175 | 044d 8951 | 1841 8b69 | 2c4d 8b59 | 104d 3bd3 | 4d0f 4cd3 | 4d89 5110 
  0x0000018248983430: ; implicit exception: dispatches to 0x00000182489839d8
  0x0000018248983430: 458b 54ec 

  0x0000018248983434: ;   {metadata('java/util/concurrent/locks/ReentrantLock')}
  0x0000018248983434: 0841 81fa | b087 1d00 | 0f85 f603 | 0000 4d8d | 14ec 418b | 5a0c 458b | 5cdc 1841 | 8b6c dc0c 
  0x0000018248983454: 4c8b d549 | c1e2 034c | 3bd1 0f85 | 2804 0000 | 4183 fb01 | 7516 4d33 | d249 8d4c | dc0c 4180 
  0x0000018248983474: 7f48 000f | 85e3 0700 | 0044 8911 | 458d 53ff | 4589 54dc | 18f0 8344 | 24c0 0041 | 83fb 0175 
  0x0000018248983494: 1845 8b54 | dc10 4585 | d274 0e47 | 8b44 d414 | 4585 c00f | 858d 0100 | 0048 8b54 | 2410 448b 
  0x00000182489834b4: ;   {metadata('java/awt/event/InvocationEvent')}
  0x00000182489834b4: 5a08 4181 | fb18 a002 | 010f 8502 | 0200 0048 | 8914 240f | b66a 1d85 | ed0f 85dd | 0300 0044 
  0x00000182489834d4: 8b52 2849 | 8bd2 48c1 | e203 6666 | 9048 b8f0 | 2d2d 5d82 

  0x00000182489834e8: ;   {virtual_call}
  0x00000182489834e8: 0100 00e8 

  0x00000182489834ec: ; ImmutableOopMap {[0]=Oop }
                      ;*invokeinterface run {reexecute=0 rethrow=0 return_oop=0}
                      ; - java.awt.event.InvocationEvent::dispatch@47 (line 323)
                      ; - java.awt.EventQueue::dispatchEventImpl@21 (line 723)
                      ; - java.awt.EventQueue::dispatchEvent@22 (line 702)
  0x00000182489834ec: f8ff a1ff 

  0x00000182489834f0: ;   {post_call_nop}
  0x00000182489834f0: 0f1f 8400 | e803 0000 | 4c8b 1424 | 41c6 421c | 01f0 8344 | 24c0 0041 | 8b6a 2c85 | ed0f 85b1 
  0x0000018248983510: 0300 0041 | 8b6a 3085 | ed0f 85b9 | 0300 00e9 | c700 0000 | 4833 ff4c | 8b9e a800 | 0000 498b 
  0x0000018248983530: d348 c1e2 | 300f 8921 | 0000 00f3 | 480f b8d2 | 488b 5e28 | 483b 04d3 | 7415 490f | bae3 1073 
  0x0000018248983550: 0b49 c1cb 

  0x0000018248983554: ;   {runtime_call Stub::lookup_secondary_supers_table_slow_path}
  0x0000018248983554: 0fe8 a90e | 93ff eb03 | 48ff c748 | 85ff 0f84 | 1bfd ffff 

  0x0000018248983568: ; implicit exception: dispatches to 0x0000018248983a08
  0x0000018248983568: 478b 5cd4 

  0x000001824898356c: ;   {metadata('java/awt/Component')}
  0x000001824898356c: 0849 b828 | 5c0d 5982 | 0100 00b9 | 0000 008f | 4903 cb4c | 8b59 384d | 3bd8 0f85 | 6003 0000 
  0x000001824898358c: 498b ed4b | 8d14 d44c | 8b44 2410 | 9048 b818 | 2e2d 5d82 

  0x00000182489835a0: ;   {virtual_call}
  0x00000182489835a0: 0100 00e8 

  0x00000182489835a4: ; ImmutableOopMap {[16]=Oop }
                      ;*invokevirtual dispatchEventImpl {reexecute=0 rethrow=0 return_oop=0}
                      ; - java.awt.Component::dispatchEvent@2 (line 4790)
                      ; - java.awt.EventQueue::dispatchEventImpl@41 (line 725)
                      ; - java.awt.EventQueue::dispatchEvent@22 (line 702)
  0x00000182489835a4: f0d4 a8ff 

  0x00000182489835a8: ;   {post_call_nop}
  0x00000182489835a8: 0f1f 8400 | a004 0001 

  0x00000182489835b0: ;   {metadata('java/awt/event/InputEvent')}
  0x00000182489835b0: 49ba c062 | 1759 8201 | 0000 493b 

  0x00000182489835bc: ;   {oop(a 'java/lang/Class'{0x0000000706657de8} = 'sun/awt/AWTAccessor')}
  0x00000182489835bc: ea75 2c49 | bae8 7d65 | 0607 0000 | 0045 8b92 | 8c00 0000 

  0x00000182489835d0: ; implicit exception: dispatches to 0x0000018248983a20
  0x00000182489835d0: 478b 5cd4 | 0848 8b6c 

  0x00000182489835d8: ;   {metadata('java/awt/event/InputEvent$1')}
  0x00000182489835d8: 2410 4181 | fb20 4901 | 010f 8521 | 0300 0044 | 8865 2848 | 83c4 505d 

  0x00000182489835f0: ;   {poll_return}
  0x00000182489835f0: 493b 6728 | 0f87 d806 

  0x00000182489835f8: ;   {metadata('java/awt/event/InputMethodEvent')}
  0x00000182489835f8: 0000 c341 | 81fe 38b6 | 0201 0f84 | 1803 0000 

  0x0000018248983608: ;   {metadata('java/awt/event/ActionEvent')}
  0x0000018248983608: 4181 fec8 | b802 010f | 8427 0300 | 004c 8b56 

  0x0000018248983618: ;   {metadata('java/awt/event/InvocationEvent')}
  0x0000018248983618: 4849 bb18 | a002 9000 | 0000 004d | 3bd3 0f85 | e500 0000 | 4c8b 5424 | 104d 8b52 | 20e9 e3fd 
  0x0000018248983638: ffff 478b | 5cc4 0c45 | 85db 0f84 | 65fe ffff | 438b 44c4 | 0c44 8bd0 | 4183 e2fe | f047 0fb1 
  0x0000018248983658: 54c4 0c40 | 0f94 c540 | 0fb6 ed85 | ed0f 84ed | 0200 0047 | 8b5c c418 | 4585 db0f | 8434 feff 
  0x0000018248983678: ff47 8b4c | dc08 4f8d 

  0x0000018248983680: ;   {metadata('java/lang/BaseVirtualThread')}
  0x0000018248983680: 04dc 49ba | 3036 1a8f | 0000 0000 | 41bb 0000 | 008f 4d03 | d94d 8b5b | 404d 3bda | 0f85 7e00 
  0x00000182489836a0: ;   {oop(a 'java/lang/System$1'{0x0000000714400118})}
  0x00000182489836a0: 0000 48ba | 1801 4014 | 0700 0000 | 488b 6c24 

  0x00000182489836b0: ;   {optimized virtual_call}
  0x00000182489836b0: 1066 90e8 

  0x00000182489836b4: ; ImmutableOopMap {rbp=Oop [16]=Oop }
                      ;*invokeinterface unparkVirtualThread {reexecute=0 rethrow=0 return_oop=0}
                      ; - java.util.concurrent.locks.LockSupport::unpark@15 (line 181)
                      ; - java.util.concurrent.locks.AbstractQueuedSynchronizer::signalNext@30 (line 646)
                      ; - java.util.concurrent.locks.AbstractQueuedSynchronizer::release@12 (line 1100)
                      ; - java.util.concurrent.locks.ReentrantLock::unlock@5 (line 495)
                      ; - java.awt.EventQueue::setCurrentEventAndMostRecentTimeImpl@168 (line 1236)
                      ; - java.awt.EventQueue::dispatchEventImpl@14 (line 722)
                      ; - java.awt.EventQueue::dispatchEvent@22 (line 702)
  0x00000182489836b4: 28b7 94ff 

  0x00000182489836b8: ;   {post_call_nop}
  0x00000182489836b8: 0f1f 8400 | b005 0002 | e9e8 fdff | ff48 b840 | 2e2d 5d82 

  0x00000182489836cc: ;   {virtual_call}
  0x00000182489836cc: 0100 00e8 

  0x00000182489836d0: ; ImmutableOopMap {}
                      ;*invokeinterface dispatch {reexecute=0 rethrow=0 return_oop=0}
                      ; - java.awt.EventQueue::dispatchEventImpl@21 (line 723)
                      ; - java.awt.EventQueue::dispatchEvent@22 (line 702)
  0x00000182489836d0: 14fe a1ff 

  0x00000182489836d4: ;   {post_call_nop}
  0x00000182489836d4: 0f1f 8400 | cc05 0003 | e90a ffff | ff43 8b5c | d40c 4c8b | db49 c1e3 | 034c 3bd9 | 754f 438b 
  0x00000182489836f4: 6cd4 18ff | c585 ed0f | 8c6f 0200 | 0043 896c | d418 f083 | 4424 c000 | e90b fcff | ff49 ba00 
  0x0000018248983714: 0000 0000 | 0000 80e9 | fdfc ffff 

  0x0000018248983720: ;   {oop(a 'jdk/internal/misc/Unsafe'{0x000000071446bf98})}
  0x0000018248983720: 48ba 98bf | 4614 0700 | 0000 488b 

  0x000001824898372c: ;   {optimized virtual_call}
  0x000001824898372c: 6c24 10e8 

  0x0000018248983730: ; ImmutableOopMap {rbp=Oop [16]=Oop }
                      ;*invokevirtual unpark {reexecute=0 rethrow=0 return_oop=0}
                      ; - java.util.concurrent.locks.LockSupport::unpark@27 (line 183)
                      ; - java.util.concurrent.locks.AbstractQueuedSynchronizer::signalNext@30 (line 646)
                      ; - java.util.concurrent.locks.AbstractQueuedSynchronizer::release@12 (line 1100)
                      ; - java.util.concurrent.locks.ReentrantLock::unlock@5 (line 495)
                      ; - java.awt.EventQueue::setCurrentEventAndMostRecentTimeImpl@168 (line 1236)
                      ; - java.awt.EventQueue::dispatchEventImpl@14 (line 722)
                      ; - java.awt.EventQueue::dispatchEvent@22 (line 702)
  0x0000018248983730: acb6 94ff 

  0x0000018248983734: ;   {post_call_nop}
  0x0000018248983734: 0f1f 8400 | 2c06 0004 | e96c fdff | ff48 894c | 2428 4c89 | 6c24 2048 | 8974 2418 | 4489 7424 
  0x0000018248983754: 084c 890c | 2448 8b6c | 2410 4b8d 

  0x0000018248983760: ;   {optimized virtual_call}
  0x0000018248983760: 14d4 90e8 

  0x0000018248983764: ; ImmutableOopMap {rbp=Oop [0]=Oop [16]=Oop [40]=Oop }
                      ;*invokevirtual acquire {reexecute=0 rethrow=0 return_oop=0}
                      ; - java.util.concurrent.locks.ReentrantLock$Sync::lock@9 (line 154)
                      ; - java.util.concurrent.locks.ReentrantLock::lock@4 (line 323)
                      ; - java.awt.EventQueue::setCurrentEventAndMostRecentTimeImpl@4 (line 1201)
                      ; - java.awt.EventQueue::dispatchEventImpl@14 (line 722)
                      ; - java.awt.EventQueue::dispatchEvent@22 (line 702)
  0x0000018248983764: 78b6 94ff 

  0x0000018248983768: ;   {post_call_nop}
  0x0000018248983768: 0f1f 8400 | 6006 0005 | 4c8b 0c24 | 448b 7424 | 0848 8b74 | 2418 4c8b | 6c24 2048 | 8b4c 2428 
  0x0000018248983788: e98f fbff | ff48 894c | 2428 4c89 | 6c24 2048 | 8974 2418 | 4489 7424 | 084c 890c | 2448 8b6c 
  0x00000182489837a8: ;   {metadata('java/lang/ref/WeakReference')}
  0x00000182489837a8: 2410 48ba | 1873 1b8f | 0000 0000 

  0x00000182489837b4: ;   {runtime_call C2 Runtime new_instance}
  0x00000182489837b4: 6666 90e8 

  0x00000182489837b8: ; ImmutableOopMap {rbp=Oop [0]=Oop [16]=Oop [40]=Oop }
                      ;*new {reexecute=0 rethrow=0 return_oop=1}
                      ; - java.awt.EventQueue::setCurrentEventAndMostRecentTimeImpl@36 (line 1207)
                      ; - java.awt.EventQueue::dispatchEventImpl@14 (line 722)
                      ; - java.awt.EventQueue::dispatchEvent@22 (line 702)
  0x00000182489837b8: a40e a2ff 

  0x00000182489837bc: ;   {post_call_nop}
  0x00000182489837bc: 0f1f 8400 | b406 0006 | 4c8b 0c24 | 448b 7424 | 0848 8b74 | 2418 4c8b | 6c24 2048 | 8b4c 2428 
  0x00000182489837dc: e9a9 fbff | ffba ecff | ffff 4c89 | 0c24 4c89 | 4424 0844 | 8954 2410 

  0x00000182489837f4: ;   {runtime_call UncommonTrapBlob}
  0x00000182489837f4: 6666 90e8 

  0x00000182489837f8: ; ImmutableOopMap {rbp=NarrowOop [0]=Oop [8]=Oop [16]=NarrowOop }
                      ;*ifnull {reexecute=1 rethrow=0 return_oop=0}
                      ; - (reexecute) java.awt.EventQueue::dispatchEvent@9 (line 701)
  0x00000182489837f8: 64c3 a1ff 

  0x00000182489837fc: ;   {post_call_nop}
  0x00000182489837fc: 0f1f 8400 | f406 0007 | baf6 ffff | ff4c 890c | 244c 8944 

  0x0000018248983810: ;   {runtime_call UncommonTrapBlob}
  0x0000018248983810: 2408 90e8 

  0x0000018248983814: ; ImmutableOopMap {[0]=Oop [8]=Oop [16]=Oop }
                      ;*invokevirtual lock {reexecute=0 rethrow=0 return_oop=0}
                      ; - java.util.concurrent.locks.ReentrantLock::lock@4 (line 323)
                      ; - java.awt.EventQueue::setCurrentEventAndMostRecentTimeImpl@4 (line 1201)
                      ; - java.awt.EventQueue::dispatchEventImpl@14 (line 722)
                      ; - java.awt.EventQueue::dispatchEvent@22 (line 702)
  0x0000018248983814: 48c3 a1ff 

  0x0000018248983818: ;   {post_call_nop}
  0x0000018248983818: 0f1f 8400 | 1007 0008 | bade ffff | ff4c 894c 

  0x0000018248983828: ;   {runtime_call UncommonTrapBlob}
  0x0000018248983828: 2408 90e8 

  0x000001824898382c: ; ImmutableOopMap {rbp=NarrowOop [8]=Oop [16]=Oop }
                      ;*invokeinterface lock {reexecute=0 rethrow=0 return_oop=0}
                      ; - java.awt.EventQueue::setCurrentEventAndMostRecentTimeImpl@4 (line 1201)
                      ; - java.awt.EventQueue::dispatchEventImpl@14 (line 722)
                      ; - java.awt.EventQueue::dispatchEvent@22 (line 702)
  0x000001824898382c: 30c3 a1ff 

  0x0000018248983830: ;   {post_call_nop}
  0x0000018248983830: 0f1f 8400 | 2807 0009 | bade ffff 

  0x000001824898383c: ;   {runtime_call UncommonTrapBlob}
  0x000001824898383c: ff66 90e8 

  0x0000018248983840: ; ImmutableOopMap {rbp=NarrowOop [16]=Oop }
                      ;*invokeinterface unlock {reexecute=0 rethrow=0 return_oop=0}
                      ; - java.awt.EventQueue::setCurrentEventAndMostRecentTimeImpl@168 (line 1236)
                      ; - java.awt.EventQueue::dispatchEventImpl@14 (line 722)
                      ; - java.awt.EventQueue::dispatchEvent@22 (line 702)
  0x0000018248983840: 1cc3 a1ff 

  0x0000018248983844: ;   {post_call_nop}
  0x0000018248983844: 0f1f 8400 | 3c07 000a | ba45 ffff | ff4c 894c 

  0x0000018248983854: ;   {runtime_call UncommonTrapBlob}
  0x0000018248983854: 2408 90e8 

  0x0000018248983858: ; ImmutableOopMap {[8]=Oop [16]=Oop }
                      ;*ifne {reexecute=1 rethrow=0 return_oop=0}
                      ; - (reexecute) java.awt.EventQueue::setCurrentEventAndMostRecentTimeImpl@12 (line 1203)
                      ; - java.awt.EventQueue::dispatchEventImpl@14 (line 722)
                      ; - java.awt.EventQueue::dispatchEvent@22 (line 702)
  0x0000018248983858: 04c3 a1ff 

  0x000001824898385c: ;   {post_call_nop}
  0x000001824898385c: 0f1f 8400 | 5407 000b | ba45 ffff | ff48 ff74 | 2410 488f | 0424 4c89 | 4c24 0848 | 894c 2410 
  0x000001824898387c: ;   {runtime_call UncommonTrapBlob}
  0x000001824898387c: 6666 90e8 

  0x0000018248983880: ; ImmutableOopMap {rbp=NarrowOop [0]=Oop [8]=Oop [16]=Oop }
                      ;*if_acmpeq {reexecute=1 rethrow=0 return_oop=0}
                      ; - (reexecute) java.awt.EventQueue::setCurrentEventAndMostRecentTimeImpl@22 (line 1203)
                      ; - java.awt.EventQueue::dispatchEventImpl@14 (line 722)
                      ; - java.awt.EventQueue::dispatchEvent@22 (line 702)
  0x0000018248983880: dcc2 a1ff 

  0x0000018248983884: ;   {post_call_nop}
  0x0000018248983884: 0f1f 8400 | 7c07 000c | ba45 ffff | ff48 ff74 | 2410 488f | 0424 895c | 2408 4889 

  0x00000182489838a0: ;   {runtime_call UncommonTrapBlob}
  0x00000182489838a0: 4c24 10e8 

  0x00000182489838a4: ; ImmutableOopMap {rbp=NarrowOop [0]=Oop [8]=NarrowOop [16]=Oop }
                      ;*if_acmpeq {reexecute=1 rethrow=0 return_oop=0}
                      ; - (reexecute) java.util.concurrent.locks.ReentrantLock$Sync::tryRelease@14 (line 175)
                      ; - java.util.concurrent.locks.AbstractQueuedSynchronizer::release@2 (line 1099)
                      ; - java.util.concurrent.locks.ReentrantLock::unlock@5 (line 495)
                      ; - java.awt.EventQueue::setCurrentEventAndMostRecentTimeImpl@168 (line 1236)
                      ; - java.awt.EventQueue::dispatchEventImpl@14 (line 722)
                      ; - java.awt.EventQueue::dispatchEvent@22 (line 702)
  0x00000182489838a4: b8c2 a1ff 

  0x00000182489838a8: ;   {post_call_nop}
  0x00000182489838a8: 0f1f 8400 | a007 000d | ba45 ffff 

  0x00000182489838b4: ;   {runtime_call UncommonTrapBlob}
  0x00000182489838b4: ff66 90e8 

  0x00000182489838b8: ; ImmutableOopMap {[0]=Oop }
                      ;*ifeq {reexecute=1 rethrow=0 return_oop=0}
                      ; - (reexecute) java.awt.event.InvocationEvent::dispatch@4 (line 311)
                      ; - java.awt.EventQueue::dispatchEventImpl@21 (line 723)
                      ; - java.awt.EventQueue::dispatchEvent@22 (line 702)
  0x00000182489838b8: a4c2 a1ff 

  0x00000182489838bc: ;   {post_call_nop}
  0x00000182489838bc: 0f1f 8400 | b407 000e | ba45 ffff 

  0x00000182489838c8: ;   {runtime_call UncommonTrapBlob}
  0x00000182489838c8: ff66 90e8 

  0x00000182489838cc: ; ImmutableOopMap {rbp=NarrowOop [0]=Oop }
                      ;*ifnull {reexecute=1 rethrow=0 return_oop=0}
                      ; - (reexecute) java.awt.event.InvocationEvent::finishedDispatching@9 (line 407)
                      ; - java.awt.event.InvocationEvent::dispatch@54 (line 326)
                      ; - java.awt.EventQueue::dispatchEventImpl@21 (line 723)
                      ; - java.awt.EventQueue::dispatchEvent@22 (line 702)
  0x00000182489838cc: 90c2 a1ff 

  0x00000182489838d0: ;   {post_call_nop}
  0x00000182489838d0: 0f1f 8400 | c807 000f | ba45 ffff 

  0x00000182489838dc: ;   {runtime_call UncommonTrapBlob}
  0x00000182489838dc: ff66 90e8 

  0x00000182489838e0: ; ImmutableOopMap {rbp=NarrowOop [0]=Oop }
                      ;*ifnull {reexecute=1 rethrow=0 return_oop=0}
                      ; - (reexecute) java.awt.event.InvocationEvent::finishedDispatching@40 (line 413)
                      ; - java.awt.event.InvocationEvent::dispatch@54 (line 326)
                      ; - java.awt.EventQueue::dispatchEventImpl@21 (line 723)
                      ; - java.awt.EventQueue::dispatchEvent@22 (line 702)
  0x00000182489838e0: 7cc2 a1ff 

  0x00000182489838e4: ;   {post_call_nop}
  0x00000182489838e4: 0f1f 8400 | dc07 0010 | ba45 ffff | ff49 8be9 | 4489 5424 

  0x00000182489838f8: ;   {runtime_call UncommonTrapBlob}
  0x00000182489838f8: 0866 90e8 

  0x00000182489838fc: ; ImmutableOopMap {rbp=Oop [8]=NarrowOop [16]=Oop }
                      ;*ifeq {reexecute=1 rethrow=0 return_oop=0}
                      ; - (reexecute) java.awt.EventQueue::dispatchEventImpl@33 (line 724)
                      ; - java.awt.EventQueue::dispatchEvent@22 (line 702)
  0x00000182489838fc: 60c2 a1ff 

  0x0000018248983900: ;   {post_call_nop}
  0x0000018248983900: 0f1f 8400 | f807 0011 | bade ffff | ff44 8914 

  0x0000018248983910: ;   {runtime_call UncommonTrapBlob}
  0x0000018248983910: 2466 90e8 

  0x0000018248983914: ; ImmutableOopMap {rbp=Oop [0]=NarrowOop }
                      ;*invokeinterface setCanAccessSystemClipboard {reexecute=0 rethrow=0 return_oop=0}
                      ; - java.awt.AWTEvent::dispatched@15 (line 572)
                      ; - java.awt.EventQueue::dispatchEventImpl@45 (line 726)
                      ; - java.awt.EventQueue::dispatchEvent@22 (line 702)
  0x0000018248983914: 48c2 a1ff 

  0x0000018248983918: ;   {post_call_nop}
  0x0000018248983918: 0f1f 8400 | 1008 0012 | ba45 ffff | ff48 8b6c | 2410 4c89 

  0x000001824898392c: ;   {runtime_call UncommonTrapBlob}
  0x000001824898392c: 0c24 90e8 

  0x0000018248983930: ; ImmutableOopMap {rbp=Oop [0]=Oop }
                      ;*ifeq {reexecute=1 rethrow=0 return_oop=0}
                      ; - (reexecute) java.awt.EventQueue::setCurrentEventAndMostRecentTimeImpl@93 (line 1224)
                      ; - java.awt.EventQueue::dispatchEventImpl@14 (line 722)
                      ; - java.awt.EventQueue::dispatchEvent@22 (line 702)
  0x0000018248983930: 2cc2 a1ff 

  0x0000018248983934: ;   {post_call_nop}
  0x0000018248983934: 0f1f 8400 | 2c08 0013 | ba45 ffff | ff48 8b6c | 2410 4c89 

  0x0000018248983948: ;   {runtime_call UncommonTrapBlob}
  0x0000018248983948: 0c24 90e8 

  0x000001824898394c: ; ImmutableOopMap {rbp=Oop [0]=Oop }
                      ;*ifeq {reexecute=1 rethrow=0 return_oop=0}
                      ; - (reexecute) java.awt.EventQueue::setCurrentEventAndMostRecentTimeImpl@115 (line 1227)
                      ; - java.awt.EventQueue::dispatchEventImpl@14 (line 722)
                      ; - java.awt.EventQueue::dispatchEvent@22 (line 702)
  0x000001824898394c: 10c2 a1ff 

  0x0000018248983950: ;   {post_call_nop}
  0x0000018248983950: 0f1f 8400 | 4808 0014 | ba45 ffff | ff44 8944 

  0x0000018248983960: ;   {runtime_call UncommonTrapBlob}
  0x0000018248983960: 240c 90e8 

  0x0000018248983964: ; ImmutableOopMap {[12]=NarrowOop [16]=Oop }
                      ;*ifeq {reexecute=1 rethrow=0 return_oop=0}
                      ; - (reexecute) jdk.internal.misc.Unsafe::getAndBitwiseAndInt@21 (line 3249)
                      ; - java.util.concurrent.locks.AbstractQueuedSynchronizer$Node::getAndUnsetStatus@10 (line 482)
                      ; - java.util.concurrent.locks.AbstractQueuedSynchronizer::signalNext@22 (line 645)
                      ; - java.util.concurrent.locks.AbstractQueuedSynchronizer::release@12 (line 1100)
                      ; - java.util.concurrent.locks.ReentrantLock::unlock@5 (line 495)
                      ; - java.awt.EventQueue::setCurrentEventAndMostRecentTimeImpl@168 (line 1236)
                      ; - java.awt.EventQueue::dispatchEventImpl@14 (line 722)
                      ; - java.awt.EventQueue::dispatchEvent@22 (line 702)
  0x0000018248983964: f8c1 a1ff 

  0x0000018248983968: ;   {post_call_nop}
  0x0000018248983968: 0f1f 8400 | 6008 0015 | ba45 ffff | ff4c 894c | 2408 4489 

  0x000001824898397c: ;   {runtime_call UncommonTrapBlob}
  0x000001824898397c: 5424 18e8 

  0x0000018248983980: ; ImmutableOopMap {[8]=Oop [16]=Oop [24]=NarrowOop }
                      ;*ifge {reexecute=1 rethrow=0 return_oop=0}
                      ; - (reexecute) java.util.concurrent.locks.ReentrantLock$NonfairSync::initialTryLock@36 (line 231)
                      ; - java.util.concurrent.locks.ReentrantLock$Sync::lock@1 (line 153)
                      ; - java.util.concurrent.locks.ReentrantLock::lock@4 (line 323)
                      ; - java.awt.EventQueue::setCurrentEventAndMostRecentTimeImpl@4 (line 1201)
                      ; - java.awt.EventQueue::dispatchEventImpl@14 (line 722)
                      ; - java.awt.EventQueue::dispatchEvent@22 (line 702)
  0x0000018248983980: dcc1 a1ff 

  0x0000018248983984: ;   {post_call_nop}
  0x0000018248983984: 0f1f 8400 | 7c08 0016 | ba95 ffff | ff48 8b2c | 2448 8904 

  0x0000018248983998: ;   {runtime_call UncommonTrapBlob}
  0x0000018248983998: 2466 90e8 

  0x000001824898399c: ; ImmutableOopMap {rbp=Oop [0]=Oop }
                      ;*astore_2 {reexecute=0 rethrow=0 return_oop=0}
                      ; - java.awt.event.InvocationEvent::dispatch@60 (line 326)
                      ; - java.awt.EventQueue::dispatchEventImpl@21 (line 723)
                      ; - java.awt.EventQueue::dispatchEvent@22 (line 702)
  0x000001824898399c: c0c1 a1ff 

  0x00000182489839a0: ;   {post_call_nop}
  0x00000182489839a0: 0f1f 8400 | 9808 0017 | baf6 ffff 

  0x00000182489839ac: ;   {runtime_call UncommonTrapBlob}
  0x00000182489839ac: ff66 90e8 

  0x00000182489839b0: ; ImmutableOopMap {}
                      ;*invokevirtual getSource {reexecute=0 rethrow=0 return_oop=0}
                      ; - java.awt.EventQueue::dispatchEvent@1 (line 697)
  0x00000182489839b0: acc1 a1ff 

  0x00000182489839b4: ;   {post_call_nop}
  0x00000182489839b4: 0f1f 8400 | ac08 0018 | baf6 ffff | ff4c 890c | 244c 8944 

  0x00000182489839c8: ;   {runtime_call UncommonTrapBlob}
  0x00000182489839c8: 2408 90e8 

  0x00000182489839cc: ; ImmutableOopMap {[0]=Oop [8]=Oop [16]=Oop }
                      ;*invokeinterface lock {reexecute=0 rethrow=0 return_oop=0}
                      ; - java.awt.EventQueue::setCurrentEventAndMostRecentTimeImpl@4 (line 1201)
                      ; - java.awt.EventQueue::dispatchEventImpl@14 (line 722)
                      ; - java.awt.EventQueue::dispatchEvent@22 (line 702)
  0x00000182489839cc: 90c1 a1ff 

  0x00000182489839d0: ;   {post_call_nop}
  0x00000182489839d0: 0f1f 8400 | c808 0019 | baf6 ffff | ff48 8b6c 

  0x00000182489839e0: ;   {runtime_call UncommonTrapBlob}
  0x00000182489839e0: 2410 90e8 

  0x00000182489839e4: ; ImmutableOopMap {rbp=Oop }
                      ;*invokeinterface unlock {reexecute=0 rethrow=0 return_oop=0}
                      ; - java.awt.EventQueue::setCurrentEventAndMostRecentTimeImpl@168 (line 1236)
                      ; - java.awt.EventQueue::dispatchEventImpl@14 (line 722)
                      ; - java.awt.EventQueue::dispatchEvent@22 (line 702)
  0x00000182489839e4: 78c1 a1ff 

  0x00000182489839e8: ;   {post_call_nop}
  0x00000182489839e8: 0f1f 8400 | e008 001a | baf6 ffff | ff48 8b6c 

  0x00000182489839f8: ;   {runtime_call UncommonTrapBlob}
  0x00000182489839f8: 2410 90e8 

  0x00000182489839fc: ; ImmutableOopMap {rbp=Oop }
                      ;*invokevirtual release {reexecute=0 rethrow=0 return_oop=0}
                      ; - java.util.concurrent.locks.ReentrantLock::unlock@5 (line 495)
                      ; - java.awt.EventQueue::setCurrentEventAndMostRecentTimeImpl@168 (line 1236)
                      ; - java.awt.EventQueue::dispatchEventImpl@14 (line 722)
                      ; - java.awt.EventQueue::dispatchEvent@22 (line 702)
  0x00000182489839fc: 60c1 a1ff 

  0x0000018248983a00: ;   {post_call_nop}
  0x0000018248983a00: 0f1f 8400 | f808 001b | baf4 ffff | ff49 8be9 

  0x0000018248983a10: ;   {runtime_call UncommonTrapBlob}
  0x0000018248983a10: 6666 90e8 

  0x0000018248983a14: ; ImmutableOopMap {rbp=Oop [16]=Oop }
                      ;*instanceof {reexecute=0 rethrow=0 return_oop=0}
                      ; - java.awt.EventQueue::dispatchEventImpl@30 (line 724)
                      ; - java.awt.EventQueue::dispatchEvent@22 (line 702)
  0x0000018248983a14: 48c1 a1ff 

  0x0000018248983a18: ;   {post_call_nop}
  0x0000018248983a18: 0f1f 8400 | 1009 001c | ba45 ffff | ff48 8b6c | 2410 4489 

  0x0000018248983a2c: ;   {runtime_call UncommonTrapBlob}
  0x0000018248983a2c: 5424 04e8 

  0x0000018248983a30: ; ImmutableOopMap {rbp=Oop [4]=NarrowOop }
                      ;*ifnonnull {reexecute=1 rethrow=0 return_oop=0}
                      ; - (reexecute) sun.awt.AWTAccessor::getInputEventAccessor@5 (line 962)
                      ; - java.awt.AWTEvent::dispatched@7 (line 571)
                      ; - java.awt.EventQueue::dispatchEventImpl@45 (line 726)
                      ; - java.awt.EventQueue::dispatchEvent@22 (line 702)
  0x0000018248983a30: 2cc1 a1ff 

  0x0000018248983a34: ;   {post_call_nop}
  0x0000018248983a34: 0f1f 8400 | 2c09 001d | 488b d0eb | 0feb 0548 | 8bd0 eb08 | 488b d0eb | 0348 8bd0 | 4883 c450 
  0x0000018248983a54: ;   {runtime_call C2 Runtime rethrow}
  0x0000018248983a54: 5de9 865d | a2ff ba95 | ffff ff48 | 8944 2408 

  0x0000018248983a64: ;   {runtime_call UncommonTrapBlob}
  0x0000018248983a64: 6666 90e8 

  0x0000018248983a68: ; ImmutableOopMap {rbp=Oop [0]=Oop [8]=Oop }
                      ;*astore {reexecute=0 rethrow=0 return_oop=0}
                      ; - java.awt.EventQueue::setCurrentEventAndMostRecentTimeImpl@176 (line 1236)
                      ; - java.awt.EventQueue::dispatchEventImpl@14 (line 722)
                      ; - java.awt.EventQueue::dispatchEvent@22 (line 702)
  0x0000018248983a68: f4c0 a1ff 

  0x0000018248983a6c: ;   {post_call_nop}
  0x0000018248983a6c: 0f1f 8400 | 6409 001e | 418b 1848 | c1e3 0348 | 83fb 000f | 845f f8ff | ff4d 8b5f | 384d 85db 
  0x0000018248983a8c: 0f84 1400 | 0000 4983 | eb08 4d89 | 5f38 4d03 | 5f40 4989 | 1be9 3ef8 | ffff 4883 | ec40 4c89 
  0x0000018248983aac: 4424 384c | 894c 2430 | 4889 4c24 | 2848 8974 | 2420 488b | cb49 8bd7 

  0x0000018248983ac4: ;   {runtime_call}
  0x0000018248983ac4: 48b8 2076 | 2951 fa7f | 0000 ffd0 | 488b 7424 | 2048 8b4c | 2428 4c8b | 4c24 304c | 8b44 2438 
  0x0000018248983ae4: c5f8 7748 | 83c4 40e9 | f4f7 ffff | f083 4424 | c000 4180 | 3b00 0f84 | 1cf8 ffff | 41c6 0300 
  0x0000018248983b04: 498b 5f50 | 4885 db0f | 8414 0000 | 0048 83eb | 0849 895f | 5049 035f | 584c 891b | e9f7 f7ff 
  0x0000018248983b24: ff48 83ec | 404c 894c | 2438 4889 | 4c24 3048 | 8974 2428 | 498b cb49 

  0x0000018248983b3c: ;   {runtime_call}
  0x0000018248983b3c: 8bd7 48b8 | 0076 2951 | fa7f 0000 | ffd0 488b | 7424 2848 | 8b4c 2430 | 4c8b 4c24 | 38c5 f877 
  0x0000018248983b5c: 4883 c440 | e9b7 f7ff | ff45 8b02 | 49c1 e003 | 4983 f800 | 0f84 46f8 | ffff 4d8b | 5f38 4d85 
  0x0000018248983b7c: db0f 8414 | 0000 0049 | 83eb 084d | 895f 384d | 035f 404d | 8903 e925 | f8ff ff48 | 83ec 504c 
  0x0000018248983b9c: 8954 2448 | 4c89 4c24 | 4048 894c | 2438 4889 | 7424 3048 | 8944 2428 | 498b c849 

  0x0000018248983bb8: ;   {runtime_call}
  0x0000018248983bb8: 8bd7 48b8 | 2076 2951 | fa7f 0000 | ffd0 488b | 4424 2848 | 8b74 2430 | 488b 4c24 | 384c 8b4c 
  0x0000018248983bd8: 2440 4c8b | 5424 48c5 | f877 4883 | c450 e9d1 | f7ff fff0 | 8344 24c0 | 0041 803b | 000f 84f9 
  0x0000018248983bf8: f7ff ff41 | c603 004d | 8b47 504d | 85c0 0f84 | 1400 0000 | 4983 e808 | 4d89 4750 | 4d03 4758 
  0x0000018248983c18: 4d89 18e9 | d4f7 ffff | 4883 ec40 | 4c89 4c24 | 3848 894c | 2430 4889 | 7424 2849 | 8bcb 498b 
  0x0000018248983c38: ;   {runtime_call}
  0x0000018248983c38: d748 b800 | 7629 51fa | 7f00 00ff | d048 8b74 | 2428 488b | 4c24 304c | 8b4c 2438 | c5f8 7748 
  0x0000018248983c58: 83c4 40e9 | 94f7 ffff | 448b 0149 | c1e0 0349 | 83f8 000f | 840c f8ff | ff4d 8b4f | 384d 85c9 
  0x0000018248983c78: 0f84 1400 | 0000 4983 | e908 4d89 | 4f38 4d03 | 4f40 4d89 | 01e9 ebf7 | ffff 4883 | ec40 4c89 
  0x0000018248983c98: 5424 384c | 895c 2430 | 4889 4c24 | 2849 8bc8 

  0x0000018248983ca8: ;   {runtime_call}
  0x0000018248983ca8: 498b d748 | b820 7629 | 51fa 7f00 | 00ff d048 | 8b4c 2428 | 4c8b 5c24 | 304c 8b54 | 2438 c5f8 
  0x0000018248983cc8: 7748 83c4 | 40e9 abf7 

  0x0000018248983cd0: ;   {internal_word}
  0x0000018248983cd0: ffff 49ba | f035 9848 | 8201 0000 | 4d89 97e0 

  0x0000018248983ce0: ;   {runtime_call SafepointBlob}
  0x0000018248983ce0: 0400 00e9 | 78d2 94ff 

  0x0000018248983ce8: ;   {runtime_call Stub::method_entry_barrier}
  0x0000018248983ce8: e853 0593 | ffe9 38f5 | ffff f4f4 | f4f4 f4f4 
[Stub Code]
  0x0000018248983cf8: ;   {static_stub}
  0x0000018248983cf8: 48bb 0000 | 0000 0000 

  0x0000018248983d00: ;   {runtime_call nmethod}
  0x0000018248983d00: 0000 e9fb 

  0x0000018248983d04: ;   {static_stub}
  0x0000018248983d04: ffff ff48 | bb00 0000 | 0000 0000 

  0x0000018248983d10: ;   {runtime_call nmethod}
  0x0000018248983d10: 00e9 fbff 

  0x0000018248983d14: ;   {static_stub}
  0x0000018248983d14: ffff 48bb | 0000 0000 | 0000 0000 

  0x0000018248983d20: ;   {runtime_call nmethod}
  0x0000018248983d20: e9fb ffff 

  0x0000018248983d24: ;   {runtime_call ExceptionBlob}
  0x0000018248983d24: ffe9 36c1 | a1ff e800 | 0000 0048 | 832c 2405 

  0x0000018248983d34: ;   {runtime_call DeoptimizationBlob}
  0x0000018248983d34: e927 d594 | fff4 f4f4 | f4f4 f4f4 
[/MachCode]


Compiled method (c1) 1260060 3909   !   3       java.awt.EventDispatchThread::pumpOneEventForFilters (106 bytes)
 total in heap  [0x000001824132aa88,0x000001824132b768] = 3296
 main code      [0x000001824132ab80,0x000001824132b680] = 2816
 stub code      [0x000001824132b680,0x000001824132b758] = 216
 oops           [0x000001824132b758,0x000001824132b768] = 16
 mutable data [0x000001825ebaf540,0x000001825ebaf6d8] = 408
 relocation     [0x000001825ebaf540,0x000001825ebaf698] = 344
 metadata       [0x000001825ebaf698,0x000001825ebaf6d8] = 64
 immutable data [0x000001825e9468e0,0x000001825e946ec0] = 1504
 dependencies   [0x000001825e9468e0,0x000001825e9468f8] = 24
 nul chk table  [0x000001825e9468f8,0x000001825e946930] = 56
 handler table  [0x000001825e946930,0x000001825e946b98] = 616
 scopes pcs     [0x000001825e946b98,0x000001825e946d48] = 432
 scopes data    [0x000001825e946d48,0x000001825e946ec0] = 376

[Constant Pool (empty)]

[MachCode]
[Instructions begin]
  0x000001824132ab80: 6666 660f | 1f84 0000 | 0000 0066 | 6666 9066 | 6690 448b | 5208 443b 

  0x000001824132ab98: ;   {runtime_call Shared Runtime ic_miss_blob}
  0x000001824132ab98: 5008 0f85 | 403f fa06 
[Verified Entry Point]
  0x000001824132aba0: 8984 2400 | 80ff ff55 | 4881 ec80 | 0000 0090 | 4181 7f20 | 0300 0000 

  0x000001824132abb8: ;   {runtime_call Stub::method_entry_barrier}
  0x000001824132abb8: 7405 e881 | 96f8 0648 | 8954 2450 | 4489 4424 

  0x000001824132abc8: ;   {metadata(method data for {method} {0x00000182592a5c68} 'pumpOneEventForFilters' '(I)V' in 'java/awt/EventDispatchThread')}
  0x000001824132abc8: 4848 b8a0 | 289f 5a82 | 0100 008b | b090 0000 | 0083 c602 | 89b0 9000 | 0000 81e6 | fe07 0000 
  0x000001824132abe8: 85f6 0f84 | 0909 0000 

  0x000001824132abf0: ;   {metadata(method data for {method} {0x00000182592a5c68} 'pumpOneEventForFilters' '(I)V' in 'java/awt/EventDispatchThread')}
  0x000001824132abf0: 488b c248 | bea0 289f | 5a82 0100 

  0x000001824132abfc: ;   {metadata('java/awt/EventDispatchThread')}
  0x000001824132abfc: 0049 baf0 | a402 9000 | 0000 004c | 8996 e000 | 0000 4883 | 86e8 0000 | 0001 488d | 7424 6048 
  0x000001824132ac1c: 8956 0848 | 8b02 418b | bfd8 0600 | 0081 ff28 | 0700 000f | 8de5 0800 | 0049 3b54 | 3ff8 0f84 
  0x000001824132ac3c: 2500 0000 | a802 0f85 | d208 0000 | 488b f848 | 83e7 fe48 | 83c8 01f0 | 480f b13a | 0f85 bc08 
  0x000001824132ac5c: 0000 418b | bfd8 0600 | 0049 8914 | 3f83 c708 | 4189 bfd8 | 0600 008b | 7270 48c1 | e603 4889 
  0x000001824132ac7c: 7424 4048 | 8d44 2460 | 488b 5808 | 418b bfd8 | 0600 0049 | 3b5c 3ff8 | 0f85 9308 | 0000 4183 
  0x000001824132ac9c: afd8 0600 | 0008 493b | 5c3f f00f | 842a 0000 | 0048 8b03 | a802 0f85 | 1200 0000 | 488b f848 
  0x000001824132acbc: 83cf 01f0 | 480f b13b | 0f84 0d00 | 0000 4183 | 87d8 0600 | 0008 e956 | 0800 0041 

  0x000001824132acd8: ;   {metadata(method data for {method} {0x00000182592a5c68} 'pumpOneEventForFilters' '(I)V' in 'java/awt/EventDispatchThread')}
  0x000001824132acd8: 83f8 ff48 | bfa0 289f | 5a82 0100 | 00bb 0801 | 0000 7505 | bb18 0100 | 0048 8b04 | 1f48 8d40 
  0x000001824132acf8: 0148 8904 | 1f0f 854f | 0000 0048 | 3b06 488b 

  0x000001824132ad08: ;   {metadata(method data for {method} {0x00000182592a5c68} 'pumpOneEventForFilters' '(I)V' in 'java/awt/EventDispatchThread')}
  0x000001824132ad08: fe48 bba0 | 289f 5a82 

  0x000001824132ad10: ;   {metadata('java/awt/EventQueue')}
  0x000001824132ad10: 0100 0049 | ba70 8601 | 9000 0000 | 004c 8993 | 3001 0000 | 4883 8338 | 0100 0001 

  0x000001824132ad2c: ;   {optimized virtual_call}
  0x000001824132ad2c: 488b d6e8 

  0x000001824132ad30: ; ImmutableOopMap {[64]=Oop [80]=Oop }
                      ;*invokevirtual getNextEvent {reexecute=0 rethrow=0 return_oop=0}
                      ; - java.awt.EventDispatchThread::pumpOneEventForFilters@20 (line 190)
  0x000001824132ad30: 5c94 6507 

  0x000001824132ad34: ;   {post_call_nop}
  0x000001824132ad34: 0f1f 8400 | ac02 0000 

  0x000001824132ad3c: ;   {metadata(method data for {method} {0x00000182592a5c68} 'pumpOneEventForFilters' '(I)V' in 'java/awt/EventDispatchThread')}
  0x000001824132ad3c: 49b8 a028 | 9f5a 8201 | 0000 41ff | 8058 0100 | 00e9 4200 | 0000 483b | 064c 8bc6 

  0x000001824132ad58: ;   {metadata(method data for {method} {0x00000182592a5c68} 'pumpOneEventForFilters' '(I)V' in 'java/awt/EventDispatchThread')}
  0x000001824132ad58: 48ba a028 | 9f5a 8201 

  0x000001824132ad60: ;   {metadata('java/awt/EventQueue')}
  0x000001824132ad60: 0000 49ba | 7086 0190 | 0000 0000 | 4c89 9278 | 0100 0048 | 8382 8001 | 0000 0144 | 8b44 2448 
  0x000001824132ad80: 488b d60f 

  0x000001824132ad84: ;   {optimized virtual_call}
  0x000001824132ad84: 1f40 00e8 

  0x000001824132ad88: ; ImmutableOopMap {[64]=Oop [80]=Oop }
                      ;*invokevirtual getNextEvent {reexecute=0 rethrow=0 return_oop=0}
                      ; - java.awt.EventDispatchThread::pumpOneEventForFilters@29 (line 190)
  0x000001824132ad88: 5440 fa06 

  0x000001824132ad8c: ;   {post_call_nop}
  0x000001824132ad8c: 0f1f 8400 | 0403 0001 | 488b 5424 

  0x000001824132ad98: ;   {metadata(method data for {method} {0x00000182592a5c68} 'pumpOneEventForFilters' '(I)V' in 'java/awt/EventDispatchThread')}
  0x000001824132ad98: 5049 b8a0 | 289f 5a82 

  0x000001824132ada0: ;   {metadata('java/awt/EventDispatchThread')}
  0x000001824132ada0: 0100 0049 | baf0 a402 | 9000 0000 | 004d 8990 | a801 0000 | 4983 80b0 | 0100 0001 | 4c8b c048 
  0x000001824132adc0: 8b54 2450 | 4889 4424 | 5866 0f1f 

  0x000001824132adcc: ;   {optimized virtual_call}
  0x000001824132adcc: 4400 00e8 

  0x000001824132add0: ; ImmutableOopMap {[64]=Oop [80]=Oop [88]=Oop }
                      ;*invokevirtual filterAndCheckEvent {reexecute=0 rethrow=0 return_oop=0}
                      ; - java.awt.EventDispatchThread::pumpOneEventForFilters@35 (line 192)
  0x000001824132add0: 3cd8 6507 

  0x000001824132add4: ;   {post_call_nop}
  0x000001824132add4: 0f1f 8400 | 4c03 0002 

  0x000001824132addc: ;   {metadata(method data for {method} {0x00000182592a5c68} 'pumpOneEventForFilters' '(I)V' in 'java/awt/EventDispatchThread')}
  0x000001824132addc: 85c0 48ba | a028 9f5a | 8201 0000 | bed0 0100 | 0075 05be | e001 0000 | 488b 3c32 | 488d 7f01 
  0x000001824132adfc: 4889 3c32 | 0f85 c200 | 0000 8944 | 244c 488b | 4424 5848 | 3b00 488b 

  0x000001824132ae14: ;   {metadata(method data for {method} {0x00000182592a5c68} 'pumpOneEventForFilters' '(I)V' in 'java/awt/EventDispatchThread')}
  0x000001824132ae14: d048 bfa0 | 289f 5a82 | 0100 008b | 5208 41ba | 0000 008f | 4903 d248 | 3b97 f801 | 0000 750d 
  0x000001824132ae34: 4883 8700 | 0200 0001 | e960 0000 | 0048 3b97 | 0802 0000 | 750d 4883 | 8710 0200 | 0001 e94a 
  0x000001824132ae54: 0000 0048 | 83bf f801 | 0000 0075 | 1748 8997 | f801 0000 | 48c7 8700 | 0200 0001 | 0000 00e9 
  0x000001824132ae74: 2900 0000 | 4883 bf08 | 0200 0000 | 7517 4889 | 9708 0200 | 0048 c787 | 1002 0000 | 0100 0000 
  0x000001824132ae94: e908 0000 | 0048 8387 | f001 0000 | 0148 8bd0 | 4889 4424 | 580f 1f40 | 0048 b850 | 27c0 5e82 
  0x000001824132aeb4: ;   {virtual_call}
  0x000001824132aeb4: 0100 00e8 

  0x000001824132aeb8: ; ImmutableOopMap {[64]=Oop [80]=Oop [88]=Oop }
                      ;*invokevirtual consume {reexecute=0 rethrow=0 return_oop=0}
                      ; - java.awt.EventDispatchThread::pumpOneEventForFilters@44 (line 194)
  0x000001824132aeb8: 56bc 0a00 

  0x000001824132aebc: ;   {post_call_nop}
  0x000001824132aebc: 0f1f 8400 | 3404 0003 | 8b44 244c | 85c0 41b8 | 0200 0000 | 7406 41b8 | 0000 0000 

  0x000001824132aed8: ;   {metadata(method data for {method} {0x00000182592a5c68} 'pumpOneEventForFilters' '(I)V' in 'java/awt/EventDispatchThread')}
  0x000001824132aed8: 48ba a028 | 9f5a 8201 | 0000 8bb2 | 9400 0000 | 4103 f089 | b294 0000 | 0045 85c0 | 7505 be02 
  0x000001824132aef8: 0000 0081 | e6fe 3f00 | 0085 f60f | 8446 0600 | 004d 8b57 

  0x000001824132af0c: ; ImmutableOopMap {[64]=Oop [80]=Oop [88]=Oop }
                      ;*ifeq {reexecute=1 rethrow=0 return_oop=0}
                      ; - (reexecute) java.awt.EventDispatchThread::pumpOneEventForFilters@48 (line 197)
                      ;   {poll}
  0x000001824132af0c: 3041 8502 

  0x000001824132af10: ;   {metadata(method data for {method} {0x00000182592a5c68} 'pumpOneEventForFilters' '(I)V' in 'java/awt/EventDispatchThread')}
  0x000001824132af10: 85c0 49b8 | a028 9f5a | 8201 0000 | ba30 0200 | 0075 05ba | 2002 0000 | 498b 3410 | 488d 7601 
  0x000001824132af30: 4989 3410 | 0f85 0f00 | 0000 448b | 4424 4848 | 8b54 2450 | e9a7 fcff 

  0x000001824132af48: ;   {oop(a 'sun/util/logging/PlatformLogger'{0x0000000714070968})}
  0x000001824132af48: ff49 b868 | 0907 1407 

  0x000001824132af50: ;   {metadata(method data for {method} {0x00000182592a5c68} 'pumpOneEventForFilters' '(I)V' in 'java/awt/EventDispatchThread')}
  0x000001824132af50: 0000 0048 | baa0 289f | 5a82 0100 

  0x000001824132af5c: ;   {metadata('sun/util/logging/PlatformLogger')}
  0x000001824132af5c: 0049 ba08 | 0501 9000 | 0000 004c | 8992 4802 | 0000 4883 | 8250 0200 

  0x000001824132af74: ;   {metadata(method data for {method} {0x000001825913a440} 'isLoggable' '(Lsun/util/logging/PlatformLogger$Level;)Z' in 'sun/util/logging/PlatformLogger')}
  0x000001824132af74: 0001 49b8 | e0d8 5459 | 8201 0000 | 418b 9090 | 0000 0083 | c202 4189 | 9090 0000 | 0081 e2fe 
  0x000001824132af94: ff1f 0085 | d20f 84d1 

  0x000001824132af9c: ;   {metadata(method data for {method} {0x000001825913a440} 'isLoggable' '(Lsun/util/logging/PlatformLogger$Level;)Z' in 'sun/util/logging/PlatformLogger')}
  0x000001824132af9c: 0500 0049 | b8e0 d854 | 5982 0100 | 0041 ff80 | d800 0000 

  0x000001824132afb0: ;   {oop(a 'sun/util/logging/PlatformLogger'{0x0000000714070968})}
  0x000001824132afb0: 49b8 6809 | 0714 0700 | 0000 418b | 500c 48c1 | e203 483b | 024c 8bc2 

  0x000001824132afc8: ;   {metadata(method data for {method} {0x000001825913a440} 'isLoggable' '(Lsun/util/logging/PlatformLogger$Level;)Z' in 'sun/util/logging/PlatformLogger')}
  0x000001824132afc8: 48be e0d8 | 5459 8201 | 0000 458b | 4008 41ba | 0000 008f | 4d03 c24c | 3b86 1001 | 0000 750d 
  0x000001824132afe8: 4883 8618 | 0100 0001 | e960 0000 | 004c 3b86 | 2001 0000 | 750d 4883 | 8628 0100 | 0001 e94a 
  0x000001824132b008: 0000 0048 | 83be 1001 | 0000 0075 | 174c 8986 | 1001 0000 | 48c7 8618 | 0100 0001 | 0000 00e9 
  0x000001824132b028: 2900 0000 | 4883 be20 | 0100 0000 | 7517 4c89 | 8620 0100 | 0048 c786 | 2801 0000 | 0100 0000 
  0x000001824132b048: e908 0000 | 0048 8386 | 0801 0000 

  0x000001824132b054: ;   {oop(a 'sun/util/logging/PlatformLogger$Level'{0x00000007067b87a0})}
  0x000001824132b054: 0149 b8a0 | 877b 0607 | 0000 0066 | 0f1f 4400 | 0048 b878 | 27c0 5e82 

  0x000001824132b06c: ;   {virtual_call}
  0x000001824132b06c: 0100 00e8 

  0x000001824132b070: ; ImmutableOopMap {[64]=Oop [80]=Oop [88]=Oop }
                      ;*invokeinterface isLoggable {reexecute=0 rethrow=0 return_oop=0}
                      ; - sun.util.logging.PlatformLogger::isLoggable@17 (line 340)
                      ; - java.awt.EventDispatchThread::pumpOneEventForFilters@57 (line 199)
  0x000001824132b070: 8eae 6107 

  0x000001824132b074: ;   {post_call_nop}
  0x000001824132b074: 0f1f 8400 | ec05 0005 | 83e0 0185 

  0x000001824132b080: ;   {metadata(method data for {method} {0x00000182592a5c68} 'pumpOneEventForFilters' '(I)V' in 'java/awt/EventDispatchThread')}
  0x000001824132b080: c048 baa0 | 289f 5a82 | 0100 00be | 7002 0000 | 7405 be80 | 0200 0048 | 8b3c 3248 | 8d7f 0148 
  0x000001824132b0a0: 893c 320f | 84ab 0200 | 0048 8b44 

  0x000001824132b0ac: ;   {metadata(method data for {method} {0x00000182592a5c68} 'pumpOneEventForFilters' '(I)V' in 'java/awt/EventDispatchThread')}
  0x000001824132b0ac: 2458 48ba | a028 9f5a | 8201 0000 | 4883 8290 | 0200 0001 

  0x000001824132b0c0: ;   {metadata(method data for {method} {0x000000008f4aebe0} 'valueOf' '(Ljava/lang/Object;)Ljava/lang/String;' in 'java/lang/String')}
  0x000001824132b0c0: 48ba 185d | 1259 8201 | 0000 8bb2 | 9000 0000 | 83c6 0289 | b290 0000 | 0081 e6fe | ff1f 0085 
  0x000001824132b0e0: f60f 84af | 0400 0048 

  0x000001824132b0e8: ;   {metadata(method data for {method} {0x000000008f4aebe0} 'valueOf' '(Ljava/lang/Object;)Ljava/lang/String;' in 'java/lang/String')}
  0x000001824132b0e8: 85c0 48ba | 185d 1259 | 8201 0000 | bed8 0000 | 0075 05be | e800 0000 | 488b 3c32 | 488d 7f01 
  0x000001824132b108: 4889 3c32 | 0f85 2400 

  0x000001824132b110: ;   {metadata(method data for {method} {0x000000008f4aebe0} 'valueOf' '(Ljava/lang/Object;)Ljava/lang/String;' in 'java/lang/String')}
  0x000001824132b110: 0000 48ba | 185d 1259 | 8201 0000 | ff82 f800 

  0x000001824132b120: ;   {oop("null"{0x00000007ffe3a7f8})}
  0x000001824132b120: 0000 48be | f8a7 e3ff | 0700 0000 | 4889 4424 | 58e9 b900 | 0000 483b | 0048 8bd0 

  0x000001824132b13c: ;   {metadata(method data for {method} {0x000000008f4aebe0} 'valueOf' '(Ljava/lang/Object;)Ljava/lang/String;' in 'java/lang/String')}
  0x000001824132b13c: 48be 185d | 1259 8201 | 0000 8b52 | 0841 ba00 | 0000 8f49 | 03d2 483b | 9618 0100 | 0075 0d48 
  0x000001824132b15c: 8386 2001 | 0000 01e9 | 6000 0000 | 483b 9628 | 0100 0075 | 0d48 8386 | 3001 0000 | 01e9 4a00 
  0x000001824132b17c: 0000 4883 | be18 0100 | 0000 7517 | 4889 9618 | 0100 0048 | c786 2001 | 0000 0100 | 0000 e929 
  0x000001824132b19c: 0000 0048 | 83be 2801 | 0000 0075 | 1748 8996 | 2801 0000 | 48c7 8630 | 0100 0001 | 0000 00e9 
  0x000001824132b1bc: 0800 0000 | 4883 8610 | 0100 0001 | 488b d048 | 8944 2458 | 0f1f 4400 | 0048 b8a0 | 27c0 5e82 
  0x000001824132b1dc: ;   {virtual_call}
  0x000001824132b1dc: 0100 00e8 

  0x000001824132b1e0: ; ImmutableOopMap {[64]=Oop [80]=Oop [88]=Oop }
                      ;*invokevirtual toString {reexecute=0 rethrow=0 return_oop=0}
                      ; - java.lang.String::valueOf@11 (line 4530)
                      ; - java.awt.EventDispatchThread::pumpOneEventForFilters@67 (line 200)
  0x000001824132b1e0: fc3e fa06 

  0x000001824132b1e4: ;   {post_call_nop}
  0x000001824132b1e4: 0f1f 8400 | 5c07 0006 | 488b f090 

  0x000001824132b1f0: ;   {other}
  0x000001824132b1f0: e9d6 0300 | 0090 9090 | 9090 488b 

  0x000001824132b1fc: ;   {static_call}
  0x000001824132b1fc: d666 90e8 

  0x000001824132b200: ; ImmutableOopMap {[64]=Oop [80]=Oop [88]=Oop }
                      ;*invokedynamic {reexecute=0 rethrow=0 return_oop=0}
                      ; - java.awt.EventDispatchThread::pumpOneEventForFilters@70 (line 200)
  0x000001824132b200: dc41 fa06 

  0x000001824132b204: ;   {post_call_nop}
  0x000001824132b204: 0f1f 8400 | 7c07 0007 

  0x000001824132b20c: ;   {metadata(method data for {method} {0x00000182592a5c68} 'pumpOneEventForFilters' '(I)V' in 'java/awt/EventDispatchThread')}
  0x000001824132b20c: 49b8 a028 | 9f5a 8201 | 0000 4d8d | 80c0 0200 | 0048 85c0 | 750b 41f6 | 0001 7505 | f049 8308 
  0x000001824132b22c: ;   {oop(a 'sun/util/logging/PlatformLogger'{0x0000000714070968})}
  0x000001824132b22c: 0149 b868 | 0907 1407 | 0000 004d 

  0x000001824132b238: ;   {metadata(method data for {method} {0x00000182592a5c68} 'pumpOneEventForFilters' '(I)V' in 'java/awt/EventDispatchThread')}
  0x000001824132b238: 8bc8 48bf | a028 9f5a | 8201 0000 

  0x000001824132b244: ;   {metadata('sun/util/logging/PlatformLogger')}
  0x000001824132b244: 49ba 0805 | 0190 0000 | 0000 4c89 | 97d8 0200 | 0048 8387 | e002 0000 

  0x000001824132b25c: ;   {metadata(method data for {method} {0x000001825913b568} 'finest' '(Ljava/lang/String;)V' in 'sun/util/logging/PlatformLogger')}
  0x000001824132b25c: 0149 b930 | 8b53 5a82 | 0100 0041 | 8bb9 9000 | 0000 83c7 | 0241 89b9 | 9000 0000 | 81e7 feff 
  0x000001824132b27c: 1f00 85ff | 0f84 4f03 | 0000 418b | 500c 48c1 | e203 483b | 024c 8bc2 

  0x000001824132b294: ;   {metadata(method data for {method} {0x000001825913b568} 'finest' '(Ljava/lang/String;)V' in 'sun/util/logging/PlatformLogger')}
  0x000001824132b294: 49b9 308b | 535a 8201 | 0000 458b | 4008 41ba | 0000 008f | 4d03 c24d | 3b81 1001 | 0000 750d 
  0x000001824132b2b4: 4983 8118 | 0100 0001 | e960 0000 | 004d 3b81 | 2001 0000 | 750d 4983 | 8128 0100 | 0001 e94a 
  0x000001824132b2d4: 0000 0049 | 83b9 1001 | 0000 0075 | 174d 8981 | 1001 0000 | 49c7 8118 | 0100 0001 | 0000 00e9 
  0x000001824132b2f4: 2900 0000 | 4983 b920 | 0100 0000 | 7517 4d89 | 8120 0100 | 0049 c781 | 2801 0000 | 0100 0000 
  0x000001824132b314: e908 0000 | 0049 8381 | 0801 0000 

  0x000001824132b320: ;   {oop(a 'sun/util/logging/PlatformLogger$Level'{0x00000007067b87a0})}
  0x000001824132b320: 0149 b8a0 | 877b 0607 | 0000 004c 

  0x000001824132b32c: ;   {oop(nullptr)}
  0x000001824132b32c: 8bc8 48bf | 0000 0000 | 0000 0000 | 0f1f 4400 | 0048 b8c8 | 27c0 5e82 

  0x000001824132b344: ;   {virtual_call}
  0x000001824132b344: 0100 00e8 

  0x000001824132b348: ; ImmutableOopMap {[64]=Oop [80]=Oop [88]=Oop }
                      ;*invokeinterface log {reexecute=0 rethrow=0 return_oop=0}
                      ; - sun.util.logging.PlatformLogger::finest@12 (line 481)
                      ; - java.awt.EventDispatchThread::pumpOneEventForFilters@75 (line 200)
  0x000001824132b348: 943d fa06 

  0x000001824132b34c: ;   {post_call_nop}
  0x000001824132b34c: 0f1f 8400 | c408 0008 | 488b 4424 | 5848 8b74 | 2440 4c8b 

  0x000001824132b360: ;   {metadata(method data for {method} {0x00000182592a5c68} 'pumpOneEventForFilters' '(I)V' in 'java/awt/EventDispatchThread')}
  0x000001824132b360: c648 baa0 | 289f 5a82 

  0x000001824132b368: ;   {metadata('java/awt/EventQueue')}
  0x000001824132b368: 0100 0049 | ba70 8601 | 9000 0000 | 004c 8992 | 0803 0000 | 4883 8210 | 0300 0001 | 4c8b c048 
  0x000001824132b388: 8bd6 0f1f 

  0x000001824132b38c: ;   {optimized virtual_call}
  0x000001824132b38c: 4400 00e8 

  0x000001824132b390: ; ImmutableOopMap {[80]=Oop }
                      ;*invokevirtual dispatchEvent {reexecute=0 rethrow=0 return_oop=0}
                      ; - java.awt.EventDispatchThread::pumpOneEventForFilters@81 (line 203)
  0x000001824132b390: 7c7e 6507 

  0x000001824132b394: ;   {post_call_nop}
  0x000001824132b394: 0f1f 8400 | 0c09 0009 

  0x000001824132b39c: ;   {metadata(method data for {method} {0x00000182592a5c68} 'pumpOneEventForFilters' '(I)V' in 'java/awt/EventDispatchThread')}
  0x000001824132b39c: 48b8 a028 | 9f5a 8201 | 0000 ff80 | 3003 0000 | 4881 c480 | 0000 005d 

  0x000001824132b3b4: ;   {poll_return}
  0x000001824132b3b4: 493b 6728 | 0f87 3d02 | 0000 c344 | 8b44 2448 | 498b 8788 | 0500 004d | 33d2 4d89 | 9788 0500 
  0x000001824132b3d4: 004d 33d2 | 4d89 9790 | 0500 0048 | 8bd0 488d | 4424 6048 | 8b78 0841 | 8bb7 d806 | 0000 493b 
  0x000001824132b3f4: 7c37 f80f | 8514 0200 | 0041 83af | d806 0000 | 0849 3b7c | 37f0 0f84 | 2a00 0000 | 488b 07a8 
  0x000001824132b414: 020f 8512 | 0000 0048 | 8bf0 4883 | ce01 f048 | 0fb1 370f | 840d 0000 | 0041 8387 | d806 0000 
  0x000001824132b434: 08e9 d701 | 0000 488b 

  0x000001824132b43c: ; ImmutableOopMap {rax=Oop [80]=Oop }
                      ;*invokevirtual getEventQueue {reexecute=0 rethrow=0 return_oop=0}
                      ; - java.awt.EventDispatchThread::pumpOneEventForFilters@8 (line 188)
                      ;   {section_word}
  0x000001824132b43c: c248 ba3d | b432 4182 

  0x000001824132b444: ;   {runtime_call C1 Runtime handle_exception_nofpu_blob}
  0x000001824132b444: 0100 00e8 | 14ea 0607 | 9049 8b87 | 8805 0000 | 4d33 d24d | 8997 8805 | 0000 4d33 | d24d 8997 
  0x000001824132b464: 9005 0000 | 488b 5424 

  0x000001824132b46c: ;   {metadata(method data for {method} {0x00000182592a5c68} 'pumpOneEventForFilters' '(I)V' in 'java/awt/EventDispatchThread')}
  0x000001824132b46c: 5049 b8a0 | 289f 5a82 | 0100 0049 | 8380 6003 | 0000 014c | 8bc0 488b 

  0x000001824132b484: ;   {optimized virtual_call}
  0x000001824132b484: 5424 50e8 

  0x000001824132b488: ; ImmutableOopMap {}
                      ;*invokevirtual processException {reexecute=0 rethrow=0 return_oop=0}
                      ; - java.awt.EventDispatchThread::pumpOneEventForFilters@102 (line 210)
  0x000001824132b488: 5439 fa06 

  0x000001824132b48c: ;   {post_call_nop}
  0x000001824132b48c: 0f1f 8400 | 040a 000b | 4881 c480 | 0000 005d 

  0x000001824132b49c: ;   {poll_return}
  0x000001824132b49c: 493b 6728 | 0f87 7e01 | 0000 c348 | 8b54 2450 | 498b 8788 | 0500 004d | 33d2 4d89 | 9788 0500 
  0x000001824132b4bc: 004d 33d2 | 4d89 9790 | 0500 00be | 0000 0000 | 4088 7278 | f083 4424 

  0x000001824132b4d4: ;   {metadata(method data for {method} {0x00000182592a5c68} 'pumpOneEventForFilters' '(I)V' in 'java/awt/EventDispatchThread')}
  0x000001824132b4d4: c000 48be | a028 9f5a | 8201 0000 | ff86 4803 | 0000 4881 | c480 0000 

  0x000001824132b4ec: ;   {poll_return}
  0x000001824132b4ec: 005d 493b | 6728 0f87 | 4201 0000 

  0x000001824132b4f8: ;   {metadata({method} {0x00000182592a5c68} 'pumpOneEventForFilters' '(I)V' in 'java/awt/EventDispatchThread')}
  0x000001824132b4f8: c349 ba60 | 5c2a 5982 | 0100 004c | 8954 2408 | 48c7 0424 | ffff ffff 

  0x000001824132b510: ;   {runtime_call C1 Runtime counter_overflow_blob}
  0x000001824132b510: e8cb 2d07 

  0x000001824132b514: ; ImmutableOopMap {rdx=Oop [80]=Oop }
                      ;*synchronization entry
                      ; - java.awt.EventDispatchThread::pumpOneEventForFilters@-1 (line 182)
  0x000001824132b514: 07e9 d6f6 | ffff 4889 | 5424 0848 

  0x000001824132b520: ;   {runtime_call C1 Runtime monitorenter_nofpu_blob}
  0x000001824132b520: 8934 24e8 

  0x000001824132b524: ; ImmutableOopMap {rdx=Oop [80]=Oop [104]=Oop }
                      ;*synchronization entry
                      ; - java.awt.EventDispatchThread::getEventQueue@-1 (line 222)
                      ; - java.awt.EventDispatchThread::pumpOneEventForFilters@8 (line 188)
  0x000001824132b524: b808 0707 | e946 f7ff | ff48 8d44 | 2460 4889 

  0x000001824132b534: ;   {runtime_call C1 Runtime monitorexit_nofpu_blob}
  0x000001824132b534: 0424 e8a5 | 1207 07e9 | 97f7 ffff 

  0x000001824132b540: ;   {runtime_call C1 Runtime throw_null_pointer_exception_blob}
  0x000001824132b540: e81b d106 

  0x000001824132b544: ; ImmutableOopMap {rsi=Oop [64]=Oop [80]=Oop }
                      ;*invokevirtual getNextEvent {reexecute=0 rethrow=0 return_oop=0}
                      ; - java.awt.EventDispatchThread::pumpOneEventForFilters@20 (line 190)
                      ;   {runtime_call C1 Runtime throw_null_pointer_exception_blob}
  0x000001824132b544: 07e8 16d1 

  0x000001824132b548: ; ImmutableOopMap {rsi=Oop [64]=Oop [80]=Oop }
                      ;*invokevirtual getNextEvent {reexecute=0 rethrow=0 return_oop=0}
                      ; - java.awt.EventDispatchThread::pumpOneEventForFilters@29 (line 190)
                      ;   {runtime_call C1 Runtime throw_null_pointer_exception_blob}
  0x000001824132b548: 0607 e811 

  0x000001824132b54c: ; ImmutableOopMap {rax=Oop [64]=Oop [80]=Oop }
                      ;*invokevirtual consume {reexecute=0 rethrow=0 return_oop=0}
                      ; - java.awt.EventDispatchThread::pumpOneEventForFilters@44 (line 194)
                      ;   {metadata({method} {0x00000182592a5c68} 'pumpOneEventForFilters' '(I)V' in 'java/awt/EventDispatchThread')}
  0x000001824132b54c: d106 0749 | ba60 5c2a | 5982 0100 | 004c 8954 | 2408 48c7 | 0424 3000 

  0x000001824132b564: ;   {runtime_call C1 Runtime counter_overflow_blob}
  0x000001824132b564: 0000 e875 

  0x000001824132b568: ; ImmutableOopMap {[64]=Oop [80]=Oop [88]=Oop }
                      ;*ifeq {reexecute=1 rethrow=0 return_oop=0}
                      ; - (reexecute) java.awt.EventDispatchThread::pumpOneEventForFilters@48 (line 197)
  0x000001824132b568: 2d07 07e9 | 99f9 ffff 

  0x000001824132b570: ;   {metadata({method} {0x000001825913a440} 'isLoggable' '(Lsun/util/logging/PlatformLogger$Level;)Z' in 'sun/util/logging/PlatformLogger')}
  0x000001824132b570: 49ba 38a4 | 1359 8201 | 0000 4c89 | 5424 0848 | c704 24ff 

  0x000001824132b584: ;   {runtime_call C1 Runtime counter_overflow_blob}
  0x000001824132b584: ffff ffe8 

  0x000001824132b588: ; ImmutableOopMap {[64]=Oop [80]=Oop [88]=Oop }
                      ;*synchronization entry
                      ; - sun.util.logging.PlatformLogger::isLoggable@-1 (line 336)
                      ; - java.awt.EventDispatchThread::pumpOneEventForFilters@57 (line 199)
  0x000001824132b588: 542d 0707 | e90e faff 

  0x000001824132b590: ;   {runtime_call C1 Runtime throw_null_pointer_exception_blob}
  0x000001824132b590: ffe8 cad0 

  0x000001824132b594: ; ImmutableOopMap {rdx=Oop [64]=Oop [80]=Oop [88]=Oop }
                      ;*invokeinterface isLoggable {reexecute=0 rethrow=0 return_oop=0}
                      ; - sun.util.logging.PlatformLogger::isLoggable@17 (line 340)
                      ; - java.awt.EventDispatchThread::pumpOneEventForFilters@57 (line 199)
                      ;   {metadata({method} {0x000000008f4aebe0} 'valueOf' '(Ljava/lang/Object;)Ljava/lang/String;' in 'java/lang/String')}
  0x000001824132b594: 0607 49ba | d8eb 4a8f | 0000 0000 | 4c89 5424 | 0848 c704 | 24ff ffff 

  0x000001824132b5ac: ;   {runtime_call C1 Runtime counter_overflow_blob}
  0x000001824132b5ac: ffe8 2e2d 

  0x000001824132b5b0: ; ImmutableOopMap {rax=Oop [64]=Oop [80]=Oop }
                      ;*synchronization entry
                      ; - java.lang.String::valueOf@-1 (line 4530)
                      ; - java.awt.EventDispatchThread::pumpOneEventForFilters@67 (line 200)
  0x000001824132b5b0: 0707 e930 

  0x000001824132b5b4: ;   {runtime_call C1 Runtime throw_null_pointer_exception_blob}
  0x000001824132b5b4: fbff ffe8 

  0x000001824132b5b8: ; ImmutableOopMap {rax=Oop [64]=Oop [80]=Oop }
                      ;*invokevirtual toString {reexecute=0 rethrow=0 return_oop=0}
                      ; - java.lang.String::valueOf@11 (line 4530)
                      ; - java.awt.EventDispatchThread::pumpOneEventForFilters@67 (line 200)
  0x000001824132b5b8: a4d0 0607 | 49b8 0000 | 0000 0000 | 0000 b800 

  0x000001824132b5c8: ;   {runtime_call C1 Runtime load_appendix_patching_blob}
  0x000001824132b5c8: 0f05 0ae8 

  0x000001824132b5cc: ; ImmutableOopMap {rsi=Oop [64]=Oop [80]=Oop [88]=Oop }
                      ;*invokedynamic {reexecute=1 rethrow=0 return_oop=0}
                      ; - (reexecute) java.awt.EventDispatchThread::pumpOneEventForFilters@70 (line 200)
  0x000001824132b5cc: 9025 0707 | e91b fcff 

  0x000001824132b5d4: ;   {metadata({method} {0x000001825913b568} 'finest' '(Ljava/lang/String;)V' in 'sun/util/logging/PlatformLogger')}
  0x000001824132b5d4: ff49 ba60 | b513 5982 | 0100 004c | 8954 2408 | 48c7 0424 | ffff ffff 

  0x000001824132b5ec: ;   {runtime_call C1 Runtime counter_overflow_blob}
  0x000001824132b5ec: e8ef 2c07 

  0x000001824132b5f0: ; ImmutableOopMap {rax=Oop r8=Oop [64]=Oop [80]=Oop [88]=Oop }
                      ;*synchronization entry
                      ; - sun.util.logging.PlatformLogger::finest@-1 (line 481)
                      ; - java.awt.EventDispatchThread::pumpOneEventForFilters@75 (line 200)
  0x000001824132b5f0: 07e9 90fc 

  0x000001824132b5f4: ;   {runtime_call C1 Runtime throw_null_pointer_exception_blob}
  0x000001824132b5f4: ffff e865 

  0x000001824132b5f8: ; ImmutableOopMap {rax=Oop rdx=Oop [64]=Oop [80]=Oop [88]=Oop }
                      ;*invokeinterface log {reexecute=0 rethrow=0 return_oop=0}
                      ; - sun.util.logging.PlatformLogger::finest@12 (line 481)
                      ; - java.awt.EventDispatchThread::pumpOneEventForFilters@75 (line 200)
                      ;   {internal_word}
  0x000001824132b5f8: d006 0749 | bab4 b332 | 4182 0100 | 004d 8997 | e004 0000 

  0x000001824132b60c: ;   {runtime_call SafepointBlob}
  0x000001824132b60c: e94f 59fa | 0648 8d44 | 2460 4889 

  0x000001824132b618: ;   {runtime_call C1 Runtime monitorexit_nofpu_blob}
  0x000001824132b618: 0424 e8c1 | 1107 07e9 | 16fe ffff 

  0x000001824132b624: ;   {internal_word}
  0x000001824132b624: 49ba 9cb4 | 3241 8201 | 0000 4d89 | 97e0 0400 

  0x000001824132b634: ;   {runtime_call SafepointBlob}
  0x000001824132b634: 00e9 2659 

  0x000001824132b638: ;   {internal_word}
  0x000001824132b638: fa06 49ba | eeb4 3241 | 8201 0000 | 4d89 97e0 

  0x000001824132b648: ;   {runtime_call SafepointBlob}
  0x000001824132b648: 0400 00e9 | 1059 fa06 | 498b 8788 | 0500 0049 | c787 8805 | 0000 0000 | 0000 49c7 | 8790 0500 
  0x000001824132b668: 0000 0000 | 0048 81c4 | 8000 0000 

  0x000001824132b674: ;   {runtime_call C1 Runtime unwind_exception_blob}
  0x000001824132b674: 5de9 66bd | 0607 f4f4 | f4f4 f4f4 
[Stub Code]
  0x000001824132b680: ;   {other}
  0x000001824132b680: 0f1f 4400 

  0x000001824132b684: ;   {static_stub}
  0x000001824132b684: 0048 bb00 | 0000 0000 

  0x000001824132b68c: ;   {runtime_call nmethod}
  0x000001824132b68c: 0000 00e9 | fbff ffff 

  0x000001824132b694: ;   {static_stub}
  0x000001824132b694: 9048 bb00 | 0000 0000 

  0x000001824132b69c: ;   {runtime_call nmethod}
  0x000001824132b69c: 0000 00e9 | fbff ffff 

  0x000001824132b6a4: ;   {static_stub}
  0x000001824132b6a4: 9048 bbb0 | 5a2a 5982 

  0x000001824132b6ac: ;   {runtime_call I2C/C2I adapters}
  0x000001824132b6ac: 0100 00e9 | 82a5 fa06 

  0x000001824132b6b4: ;   {static_stub}
  0x000001824132b6b4: 9048 bb00 | 0000 0000 

  0x000001824132b6bc: ;   {runtime_call nmethod}
  0x000001824132b6bc: 0000 00e9 | fbff ffff 

  0x000001824132b6c4: ;   {static_stub}
  0x000001824132b6c4: 9048 bb00 | 0000 0000 

  0x000001824132b6cc: ;   {runtime_call nmethod}
  0x000001824132b6cc: 0000 00e9 | fbff ffff 

  0x000001824132b6d4: ;   {static_stub}
  0x000001824132b6d4: 9048 bb00 | 0000 0000 

  0x000001824132b6dc: ;   {runtime_call nmethod}
  0x000001824132b6dc: 0000 00e9 | fbff ffff 

  0x000001824132b6e4: ;   {static_stub}
  0x000001824132b6e4: 9048 bb00 | 0000 0000 

  0x000001824132b6ec: ;   {runtime_call nmethod}
  0x000001824132b6ec: 0000 00e9 | fbff ffff 

  0x000001824132b6f4: ;   {static_stub}
  0x000001824132b6f4: 9048 bb00 | 0000 0000 

  0x000001824132b6fc: ;   {runtime_call nmethod}
  0x000001824132b6fc: 0000 00e9 | fbff ffff 

  0x000001824132b704: ;   {static_stub}
  0x000001824132b704: 9048 bb00 | 0000 0000 

  0x000001824132b70c: ;   {runtime_call nmethod}
  0x000001824132b70c: 0000 00e9 | fbff ffff 

  0x000001824132b714: ;   {static_stub}
  0x000001824132b714: 48bb 0000 | 0000 0000 

  0x000001824132b71c: ;   {runtime_call nmethod}
  0x000001824132b71c: 0000 e9fb 

  0x000001824132b720: ;   {runtime_call C1 Runtime handle_exception_from_callee_blob}
  0x000001824132b720: ffff ffe8 | 38ed 0607 

  0x000001824132b728: ;   {external_word}
  0x000001824132b728: 48b9 2808 | 9951 fa7f | 0000 4883 

  0x000001824132b734: ;   {runtime_call}
  0x000001824132b734: e4f0 48b8 | 008d 5c51 | fa7f 0000 

  0x000001824132b740: ;   {section_word}
  0x000001824132b740: ffd0 f449 | ba43 b732 | 4182 0100 

  0x000001824132b74c: ;   {runtime_call DeoptimizationBlob}
  0x000001824132b74c: 0041 52e9 | 0c5b fa06 | f4f4 f4f4 
[/MachCode]


---------------  P R O C E S S  ---------------

Threads class SMR info:
_java_thread_list=0x000001825eea5140, length=20, elements={
0x0000018255a7de10, 0x0000018255a7e5d0, 0x0000018255a7f190, 0x0000018255a7fe80,
0x0000018255a80640, 0x0000018255a81480, 0x0000018255a855c0, 0x0000018255a981f0,
0x0000018258731650, 0x000001825d014090, 0x000001825d014850, 0x00000182585600d0,
0x0000018258566e30, 0x0000018258565e90, 0x0000018258566660, 0x0000018258563f50,
0x000001825e15af40, 0x000001825e15b710, 0x000001825e79b9c0, 0x000001825f646ee0
}

Java Threads: ( => current thread )
  0x0000018255a7de10 JavaThread "Reference Handler"          daemon [_thread_blocked, id=49160, stack(0x000000500ed00000,0x000000500ee00000) (1024K)]
  0x0000018255a7e5d0 JavaThread "Finalizer"                  daemon [_thread_blocked, id=32848, stack(0x000000500ee00000,0x000000500ef00000) (1024K)]
  0x0000018255a7f190 JavaThread "Signal Dispatcher"          daemon [_thread_blocked, id=46404, stack(0x000000500ef00000,0x000000500f000000) (1024K)]
  0x0000018255a7fe80 JavaThread "Attach Listener"            daemon [_thread_blocked, id=15828, stack(0x000000500f000000,0x000000500f100000) (1024K)]
  0x0000018255a80640 JavaThread "Service Thread"             daemon [_thread_blocked, id=23920, stack(0x000000500f100000,0x000000500f200000) (1024K)]
  0x0000018255a81480 JavaThread "Monitor Deflation Thread"   daemon [_thread_blocked, id=14472, stack(0x000000500f200000,0x000000500f300000) (1024K)]
  0x0000018255a855c0 JavaThread "C2 CompilerThread0"         daemon [_thread_blocked, id=44180, stack(0x000000500f300000,0x000000500f400000) (1024K)]
  0x0000018255a981f0 JavaThread "C1 CompilerThread0"         daemon [_thread_blocked, id=34180, stack(0x000000500f400000,0x000000500f500000) (1024K)]
  0x0000018258731650 JavaThread "Common-Cleaner"             daemon [_thread_blocked, id=39356, stack(0x000000500f500000,0x000000500f600000) (1024K)]
  0x000001825d014090 JavaThread "Monitor Ctrl-Break"         daemon [_thread_in_native, id=35704, stack(0x000000500f600000,0x000000500f700000) (1024K)]
  0x000001825d014850 JavaThread "Notification Thread"        daemon [_thread_blocked, id=47504, stack(0x000000500f700000,0x000000500f800000) (1024K)]
  0x00000182585600d0 JavaThread "Java2D Disposer"            daemon [_thread_blocked, id=37008, stack(0x000000500f800000,0x000000500f900000) (1024K)]
  0x0000018258566e30 JavaThread "AWT-Shutdown"                      [_thread_blocked, id=40980, stack(0x000000500f900000,0x000000500fa00000) (1024K)]
  0x0000018258565e90 JavaThread "AWT-Windows"                daemon [_thread_in_native, id=48000, stack(0x000000500fa00000,0x000000500fb00000) (1024K)]
=>0x0000018258566660 JavaThread "AWT-EventQueue-0"                  [_thread_in_native, id=49120, stack(0x000000500fb00000,0x000000500fc00000) (1024K)]
  0x0000018258563f50 JavaThread "DestroyJavaVM"                     [_thread_blocked, id=11748, stack(0x000000500e500000,0x000000500e600000) (1024K)]
  0x000001825e15af40 JavaThread "firebase-scheduled-worker"  daemon [_thread_blocked, id=45688, stack(0x000000500fd00000,0x000000500fe00000) (1024K)]
  0x000001825e15b710 JavaThread "firebase-database-worker"   daemon [_thread_blocked, id=41256, stack(0x000000500fe00000,0x000000500ff00000) (1024K)]
  0x000001825e79b9c0 JavaThread "TimerQueue"                 daemon [_thread_blocked, id=47976, stack(0x0000005010b00000,0x0000005010c00000) (1024K)]
  0x000001825f646ee0 JavaThread "firebase-database-event-target" daemon [_thread_blocked, id=11660, stack(0x0000005011200000,0x0000005011300000) (1024K)]
Total: 20

Other Threads:
  0x0000018255a698e0 VMThread "VM Thread"                           [id=5232, stack(0x000000500ec00000,0x000000500ed00000) (1024K)]
  0x0000018255936210 WatcherThread "VM Periodic Task Thread"        [id=49816, stack(0x000000500eb00000,0x000000500ec00000) (1024K)]
  0x0000018236b08a70 WorkerThread "GC Thread#0"                     [id=4308, stack(0x000000500e600000,0x000000500e700000) (1024K)]
  0x000001825e6dbf90 WorkerThread "GC Thread#1"                     [id=19052, stack(0x0000005010200000,0x0000005010300000) (1024K)]
  0x000001825e6de210 WorkerThread "GC Thread#2"                     [id=38456, stack(0x0000005010300000,0x0000005010400000) (1024K)]
  0x000001825e6dd520 WorkerThread "GC Thread#3"                     [id=24076, stack(0x0000005010400000,0x0000005010500000) (1024K)]
  0x000001825e6dcc80 WorkerThread "GC Thread#4"                     [id=43524, stack(0x0000005010500000,0x0000005010600000) (1024K)]
  0x000001825e6dd970 WorkerThread "GC Thread#5"                     [id=48100, stack(0x0000005010600000,0x0000005010700000) (1024K)]
  0x000001825e6dd0d0 WorkerThread "GC Thread#6"                     [id=45984, stack(0x0000005010700000,0x0000005010800000) (1024K)]
  0x000001825e6dddc0 WorkerThread "GC Thread#7"                     [id=27732, stack(0x0000005010800000,0x0000005010900000) (1024K)]
  0x000001825e6def00 WorkerThread "GC Thread#8"                     [id=44280, stack(0x0000005010900000,0x0000005010a00000) (1024K)]
  0x000001825e6de660 WorkerThread "GC Thread#9"                     [id=49956, stack(0x0000005010a00000,0x0000005010b00000) (1024K)]
  0x00000182558f2010 ConcurrentGCThread "G1 Main Marker"            [id=21060, stack(0x000000500e700000,0x000000500e800000) (1024K)]
  0x00000182558f2f50 WorkerThread "G1 Conc#0"                       [id=43636, stack(0x000000500e800000,0x000000500e900000) (1024K)]
  0x000001825e6deab0 WorkerThread "G1 Conc#1"                       [id=50136, stack(0x0000005010c00000,0x0000005010d00000) (1024K)]
  0x000001825e806230 WorkerThread "G1 Conc#2"                       [id=47580, stack(0x0000005010d00000,0x0000005010e00000) (1024K)]
  0x0000018236b4e000 ConcurrentGCThread "G1 Refine#0"               [id=23204, stack(0x000000500e900000,0x000000500ea00000) (1024K)]
  0x0000018236b4e8c0 ConcurrentGCThread "G1 Service"                [id=30488, stack(0x000000500ea00000,0x000000500eb00000) (1024K)]
Total: 18

Threads with active compile tasks:
Total: 0

VM state: not at safepoint (normal execution)

VM Mutex/Monitor currently owned by a thread: None

Heap address: 0x0000000705c00000, size: 4004 MB, Compressed Oops mode: Zero based, Oop shift amount: 3

CDS archive(s) mapped at: [0x000000008f000000-0x000000008fdd0000-0x000000008fdd0000), size 14483456, SharedBaseAddress: 0x000000008f000000, ArchiveRelocationMode: 1.
Compressed class space mapped at: 0x0000000090000000-0x00000000d0000000, reserved size: 1073741824
UseCompressedClassPointers 1, UseCompactObjectHeaders 0
Narrow klass pointer bits 32, Max shift 3
Narrow klass base: 0x000000008f000000, Narrow klass shift: 0
Encoding Range: [0x000000008f000000 - 0x000000018f000000), (4294967296 bytes)
Klass Range:    [0x000000008f010000 - 0x00000000d0000000), (1090453504 bytes)
Klass ID Range:  [65536 - 1090519033) (1090453497)
Protection zone: [0x000000008f000000 - 0x000000008f010000), (65536 bytes)

GC Precious Log:
 CardTable entry size: 512
 Card Set container configuration: InlinePtr #cards 4 size 8 Array Of Cards #cards 16 size 48 Howl #buckets 8 coarsen threshold 3686 Howl Bitmap #cards 512 size 80 coarsen threshold 460 Card regions per heap region 1 cards per card region 4096
 CPUs: 12 total, 12 available
 Memory: 16009M
 Large Page Support: Disabled
 NUMA Support: Disabled
 Compressed Oops: Enabled (Zero based)
 Heap Region Size: 2M
 Heap Min Capacity: 8M
 Heap Initial Capacity: 252M
 Heap Max Capacity: 4004M
 Pre-touch: Disabled
 Parallel Workers: 10
 Concurrent Workers: 3
 Concurrent Refinement Workers: 10
 Periodic GC: Disabled

Heap:
 garbage-first heap   total reserved 4100096K, committed 102400K, used 74424K [0x0000000705c00000, 0x0000000800000000)
  region size 2048K, 23 young (47104K), 4 survivors (8192K)

Heap Regions: E=young(eden), S=young(survivor), O=old, HS=humongous(starts), HC=humongous(continues), CS=collection set, F=free, TAMS=top-at-mark-start, PB=parsable bottom
|   0|0x0000000705c00000, 0x0000000705e00000, 0x0000000705e00000|100%|HS|  |TAMS 0x0000000705c00000| PB 0x0000000705c00000| Complete |  0
|   1|0x0000000705e00000, 0x0000000706000000, 0x0000000706000000|100%|HC|  |TAMS 0x0000000705e00000| PB 0x0000000705e00000| Complete |  0
|   2|0x0000000706000000, 0x0000000706200000, 0x0000000706200000|100%|HC|  |TAMS 0x0000000706000000| PB 0x0000000706000000| Complete |  0
|   3|0x0000000706200000, 0x0000000706400000, 0x0000000706400000|100%|HS|  |TAMS 0x0000000706200000| PB 0x0000000706200000| Complete |  0
|   4|0x0000000706400000, 0x0000000706600000, 0x0000000706600000|100%|HC|  |TAMS 0x0000000706400000| PB 0x0000000706400000| Complete |  0
|   5|0x0000000706600000, 0x0000000706800000, 0x0000000706800000|100%| O|  |TAMS 0x0000000706600000| PB 0x0000000706600000| Untracked |  0
|   6|0x0000000706800000, 0x0000000706821520, 0x0000000706a00000|  6%| O|  |TAMS 0x0000000706800000| PB 0x0000000706800000| Untracked |  0
|   7|0x0000000706a00000, 0x0000000706c00000, 0x0000000706c00000|100%|HS|  |TAMS 0x0000000706a00000| PB 0x0000000706a00000| Complete |  0
|   8|0x0000000706c00000, 0x0000000706e00000, 0x0000000706e00000|100%|HC|  |TAMS 0x0000000706c00000| PB 0x0000000706c00000| Complete |  0
|   9|0x0000000706e00000, 0x0000000707000000, 0x0000000707000000|100%|HC|  |TAMS 0x0000000706e00000| PB 0x0000000706e00000| Complete |  0
|  10|0x0000000707000000, 0x0000000707200000, 0x0000000707200000|100%|HS|  |TAMS 0x0000000707000000| PB 0x0000000707000000| Complete |  0
|  11|0x0000000707200000, 0x0000000707400000, 0x0000000707400000|100%|HC|  |TAMS 0x0000000707200000| PB 0x0000000707200000| Complete |  0
|  12|0x0000000707400000, 0x0000000707600000, 0x0000000707600000|100%|HC|  |TAMS 0x0000000707400000| PB 0x0000000707400000| Complete |  0
|  13|0x0000000707600000, 0x0000000707800000, 0x0000000707800000|100%|HS|  |TAMS 0x0000000707600000| PB 0x0000000707600000| Complete |  0
|  14|0x0000000707800000, 0x0000000707a00000, 0x0000000707a00000|100%|HC|  |TAMS 0x0000000707800000| PB 0x0000000707800000| Complete |  0
|  15|0x0000000707a00000, 0x0000000707a00000, 0x0000000707c00000|  0%| F|  |TAMS 0x0000000707a00000| PB 0x0000000707a00000| Untracked |  0
|  16|0x0000000707c00000, 0x0000000707c00000, 0x0000000707e00000|  0%| F|  |TAMS 0x0000000707c00000| PB 0x0000000707c00000| Untracked |  0
|  17|0x0000000707e00000, 0x0000000707e00000, 0x0000000708000000|  0%| F|  |TAMS 0x0000000707e00000| PB 0x0000000707e00000| Untracked |  0
|  18|0x0000000708000000, 0x0000000708000000, 0x0000000708200000|  0%| F|  |TAMS 0x0000000708000000| PB 0x0000000708000000| Untracked |  0
|  19|0x0000000708200000, 0x0000000708200000, 0x0000000708400000|  0%| F|  |TAMS 0x0000000708200000| PB 0x0000000708200000| Untracked |  0
|  20|0x0000000708400000, 0x0000000708400000, 0x0000000708600000|  0%| F|  |TAMS 0x0000000708400000| PB 0x0000000708400000| Untracked |  0
|  21|0x0000000708600000, 0x0000000708600000, 0x0000000708800000|  0%| F|  |TAMS 0x0000000708600000| PB 0x0000000708600000| Untracked |  0
|  22|0x0000000708800000, 0x0000000708800000, 0x0000000708a00000|  0%| F|  |TAMS 0x0000000708800000| PB 0x0000000708800000| Untracked |  0
|  23|0x0000000708a00000, 0x0000000708a00000, 0x0000000708c00000|  0%| F|  |TAMS 0x0000000708a00000| PB 0x0000000708a00000| Untracked |  0
|  24|0x0000000708c00000, 0x0000000708c00000, 0x0000000708e00000|  0%| F|  |TAMS 0x0000000708c00000| PB 0x0000000708c00000| Untracked |  0
|  25|0x0000000708e00000, 0x0000000708e00000, 0x0000000709000000|  0%| F|  |TAMS 0x0000000708e00000| PB 0x0000000708e00000| Untracked |  0
|  26|0x0000000709000000, 0x000000070912c678, 0x0000000709200000| 58%| E|  |TAMS 0x0000000709000000| PB 0x0000000709000000| Complete |  0
|  27|0x0000000709200000, 0x0000000709400000, 0x0000000709400000|100%| E|CS|TAMS 0x0000000709200000| PB 0x0000000709200000| Complete |  0
|  28|0x0000000709400000, 0x0000000709600000, 0x0000000709600000|100%| E|CS|TAMS 0x0000000709400000| PB 0x0000000709400000| Complete |  0
|  29|0x0000000709600000, 0x0000000709800000, 0x0000000709800000|100%| E|CS|TAMS 0x0000000709600000| PB 0x0000000709600000| Complete |  0
|  30|0x0000000709800000, 0x0000000709a00000, 0x0000000709a00000|100%| E|CS|TAMS 0x0000000709800000| PB 0x0000000709800000| Complete |  0
|  31|0x0000000709a00000, 0x0000000709c00000, 0x0000000709c00000|100%| E|CS|TAMS 0x0000000709a00000| PB 0x0000000709a00000| Complete |  0
|  32|0x0000000709c00000, 0x0000000709e00000, 0x0000000709e00000|100%| E|CS|TAMS 0x0000000709c00000| PB 0x0000000709c00000| Complete |  0
|  33|0x0000000709e00000, 0x000000070a000000, 0x000000070a000000|100%| E|CS|TAMS 0x0000000709e00000| PB 0x0000000709e00000| Complete |  0
|  34|0x000000070a000000, 0x000000070a200000, 0x000000070a200000|100%| E|CS|TAMS 0x000000070a000000| PB 0x000000070a000000| Complete |  0
|  35|0x000000070a200000, 0x000000070a400000, 0x000000070a400000|100%| E|CS|TAMS 0x000000070a200000| PB 0x000000070a200000| Complete |  0
|  36|0x000000070a400000, 0x000000070a600000, 0x000000070a600000|100%| E|CS|TAMS 0x000000070a400000| PB 0x000000070a400000| Complete |  0
|  37|0x000000070a600000, 0x000000070a800000, 0x000000070a800000|100%| E|CS|TAMS 0x000000070a600000| PB 0x000000070a600000| Complete |  0
|  38|0x000000070a800000, 0x000000070aa00000, 0x000000070aa00000|100%| E|CS|TAMS 0x000000070a800000| PB 0x000000070a800000| Complete |  0
|  39|0x000000070aa00000, 0x000000070ac00000, 0x000000070ac00000|100%| E|CS|TAMS 0x000000070aa00000| PB 0x000000070aa00000| Complete |  0
|  40|0x000000070ac00000, 0x000000070ae00000, 0x000000070ae00000|100%| E|CS|TAMS 0x000000070ac00000| PB 0x000000070ac00000| Complete |  0
|  41|0x000000070ae00000, 0x000000070b000000, 0x000000070b000000|100%| E|CS|TAMS 0x000000070ae00000| PB 0x000000070ae00000| Complete |  0
|  42|0x000000070b000000, 0x000000070b200000, 0x000000070b200000|100%| E|CS|TAMS 0x000000070b000000| PB 0x000000070b000000| Complete |  0
|  43|0x000000070b200000, 0x000000070b400000, 0x000000070b400000|100%| E|CS|TAMS 0x000000070b200000| PB 0x000000070b200000| Complete |  0
| 113|0x0000000713e00000, 0x0000000713f67d30, 0x0000000714000000| 70%| S|CS|TAMS 0x0000000713e00000| PB 0x0000000713e00000| Complete |  0
| 114|0x0000000714000000, 0x0000000714200000, 0x0000000714200000|100%| S|CS|TAMS 0x0000000714000000| PB 0x0000000714000000| Complete |  0
| 115|0x0000000714200000, 0x0000000714400000, 0x0000000714400000|100%| S|CS|TAMS 0x0000000714200000| PB 0x0000000714200000| Complete |  0
| 116|0x0000000714400000, 0x0000000714600000, 0x0000000714600000|100%| S|CS|TAMS 0x0000000714400000| PB 0x0000000714400000| Complete |  0
| 125|0x0000000715600000, 0x0000000715800000, 0x0000000715800000|100%| E|CS|TAMS 0x0000000715600000| PB 0x0000000715600000| Complete |  0
|2001|0x00000007ffe00000, 0x00000007fff24ea8, 0x0000000800000000| 57%| O|Cm|TAMS 0x00000007ffe00000| PB 0x00000007ffe00000| Complete |  0

Card table byte_map: [0x00000182511b0000,0x0000018251990000] _byte_map_base: 0x000001824d982000

Marking Bits: (CMBitMap*) 0x0000018236b09200
 Bits: [0x0000018251990000, 0x0000018255820000)

Polling page: 0x00000182367e0000

Metaspace:
Metaspace        used 30506K, committed 30848K, reserved 1114112K
 class space     used 2728K, committed 2880K, reserved 1048576K

Usage:
  Non-class:     27.13 MB used.
      Class:      2.66 MB used.
       Both:     29.79 MB used.

Virtual space:
  Non-class space:       64.00 MB reserved,      27.31 MB ( 43%) committed,  1 nodes.
      Class space:        1.00 GB reserved,       2.81 MB ( <1%) committed,  1 nodes.
             Both:        1.06 GB reserved,      30.12 MB (  3%) committed. 

Chunk freelists:
   Non-Class:  4.30 MB
       Class:  13.23 MB
        Both:  17.53 MB

MaxMetaspaceSize: unlimited
CompressedClassSpaceSize: 1.00 GB
Initial GC threshold: 21.00 MB
Current GC threshold: 35.25 MB
CDS: on
 - commit_granule_bytes: 65536.
 - commit_granule_words: 8192.
 - virtual_space_node_default_size: 8388608.
 - enlarge_chunks_in_place: 1.
UseCompressedClassPointers 1, UseCompactObjectHeaders 0
Narrow klass pointer bits 32, Max shift 3
Narrow klass base: 0x000000008f000000, Narrow klass shift: 0
Encoding Range: [0x000000008f000000 - 0x000000018f000000), (4294967296 bytes)
Klass Range:    [0x000000008f010000 - 0x00000000d0000000), (1090453504 bytes)
Klass ID Range:  [65536 - 1090519033) (1090453497)
Protection zone: [0x000000008f000000 - 0x000000008f010000), (65536 bytes)


Internal statistics:

num_allocs_failed_limit: 3.
num_arena_births: 204.
num_arena_deaths: 0.
num_vsnodes_births: 2.
num_vsnodes_deaths: 0.
num_space_committed: 482.
num_space_uncommitted: 0.
num_chunks_returned_to_freelist: 3.
num_chunks_taken_from_freelist: 628.
num_chunk_merges: 0.
num_chunk_splits: 439.
num_chunks_enlarged: 347.
num_inconsistent_stats: 0.

CodeHeap 'non-profiled nmethods': size=120064Kb used=1509Kb max_used=1509Kb free=118554Kb
 bounds [0x0000018248810000, 0x0000018248a80000, 0x000001824fd50000]
CodeHeap 'profiled nmethods': size=120000Kb used=8287Kb max_used=8287Kb free=111712Kb
 bounds [0x0000018240d50000, 0x0000018241570000, 0x0000018248280000]
CodeHeap 'non-nmethods': size=5696Kb used=1745Kb max_used=1821Kb free=3950Kb
 bounds [0x0000018248280000, 0x00000182484f0000, 0x0000018248810000]
CodeCache: size=245760Kb, used=11541Kb, max_used=11617Kb, free=234216Kb
 total_blobs=6037, nmethods=5166, adapters=774, full_count=0
Compilation: enabled, stopped_count=0, restarted_count=0

Compilation events (20 events):
Event: 186.999 Thread 0x0000018255a981f0 5213       3       io.netty.util.internal.shaded.org.jctools.queues.BaseMpscLinkedArrayQueue::poll (108 bytes)
Event: 187.001 Thread 0x0000018255a981f0 nmethod 5213 0x0000018241563408 code [0x0000018241563500, 0x00000182415643c0]
Event: 187.001 Thread 0x0000018255a981f0 5217       3       java.util.concurrent.atomic.AtomicReferenceFieldUpdater$AtomicReferenceFieldUpdaterImpl::compareAndSet (24 bytes)
Event: 187.003 Thread 0x0000018255a981f0 nmethod 5217 0x0000018241564408 code [0x0000018241564500, 0x0000018241564ac0]
Event: 187.003 Thread 0x0000018255a981f0 5215       3       io.netty.util.internal.shaded.org.jctools.queues.MpscArrayQueueConsumerIndexField::soConsumerIndex (12 bytes)
Event: 187.004 Thread 0x0000018255a981f0 nmethod 5215 0x0000018241564b08 code [0x0000018241564c00, 0x0000018241565068]
Event: 187.004 Thread 0x0000018255a981f0 5214       3       io.netty.util.internal.shaded.org.jctools.util.UnsafeRefArrayAccess::spRefElement (10 bytes)
Event: 187.005 Thread 0x0000018255a981f0 nmethod 5214 0x0000018241565088 code [0x0000018241565180, 0x00000182415655c8]
Event: 187.005 Thread 0x0000018255a981f0 5216       3       io.netty.buffer.AbstractByteBuf::checkIndexBounds (53 bytes)
Event: 187.008 Thread 0x0000018255a981f0 nmethod 5216 0x0000018241565608 code [0x0000018241565700, 0x0000018241566d58]
Event: 201.993 Thread 0x0000018255a981f0 5218       3       sun.security.ssl.TransportContext::isOutboundClosed (8 bytes)
Event: 201.993 Thread 0x0000018255a981f0 nmethod 5218 0x0000018241566d88 code [0x0000018241566e80, 0x0000018241567058]
Event: 202.209 Thread 0x0000018255a981f0 5219       3       io.netty.util.internal.shaded.org.jctools.queues.MpscUnboundedArrayQueue::poll (5 bytes)
Event: 202.210 Thread 0x0000018255a981f0 nmethod 5219 0x0000018241567088 code [0x0000018241567180, 0x00000182415672b8]
Event: 202.754 Thread 0x0000018255a981f0 5220       3       java.util.Arrays::fill (28 bytes)
Event: 202.755 Thread 0x0000018255a981f0 nmethod 5220 0x0000018241567388 code [0x0000018241567480, 0x00000182415677e8]
Event: 202.974 Thread 0x0000018255a981f0 5221       3       io.netty.util.concurrent.SingleThreadEventExecutor::pollTaskFrom (22 bytes)
Event: 202.974 Thread 0x0000018255a981f0 nmethod 5221 0x0000018241567808 code [0x0000018241567900, 0x0000018241567c40]
Event: 203.960 Thread 0x0000018255a855c0 5222       4       jdk.internal.misc.Blocker::end (16 bytes)
Event: 203.961 Thread 0x0000018255a855c0 nmethod 5222 0x0000018248989188 code [0x0000018248989280, 0x0000018248989300]

GC Heap Usage History (4 events):
Event: 3.407 {heap Before GC invocations=0 (full 0):
 garbage-first heap   total reserved 4100096K, committed 260096K, used 60563K [0x0000000705c00000, 0x0000000800000000)
  region size 2048K, 24 young (49152K), 0 survivors (0K)
}
Event: 3.427 {heap After GC invocations=1 (full 0):
 garbage-first heap   total reserved 4100096K, committed 260096K, used 19736K [0x0000000705c00000, 0x0000000800000000)
  region size 2048K, 3 young (6144K), 3 survivors (6144K)
}
Event: 4.160 {heap Before GC invocations=1 (full 0):
 garbage-first heap   total reserved 4100096K, committed 260096K, used 40216K [0x0000000705c00000, 0x0000000800000000)
  region size 2048K, 12 young (24576K), 3 survivors (6144K)
}
Event: 4.167 {heap After GC invocations=2 (full 0):
 garbage-first heap   total reserved 4100096K, committed 260096K, used 27320K [0x0000000705c00000, 0x0000000800000000)
  region size 2048K, 4 young (8192K), 4 survivors (8192K)
}

Metaspace Usage History (4 events):
Event: 3.407 {metaspace Before GC invocations=0 (full 0):
 Metaspace       used 17328K, committed 17472K, reserved 1114112K
  class space    used 1466K, committed 1536K, reserved 1048576K
}
Event: 3.427 {metaspace After GC invocations=1 (full 0):
 Metaspace       used 17328K, committed 17472K, reserved 1114112K
  class space    used 1466K, committed 1536K, reserved 1048576K
}
Event: 4.160 {metaspace Before GC invocations=1 (full 0):
 Metaspace       used 21240K, committed 21504K, reserved 1114112K
  class space    used 1901K, committed 2048K, reserved 1048576K
}
Event: 4.167 {metaspace After GC invocations=2 (full 0):
 Metaspace       used 21240K, committed 21504K, reserved 1114112K
  class space    used 1901K, committed 2048K, reserved 1048576K
}

Dll operation events (14 events):
Event: 0.258 Loaded shared library C:\Users\keish\.jdks\openjdk-25.0.1\bin\java.dll
Event: 0.499 Loaded shared library C:\Users\keish\.jdks\openjdk-25.0.1\bin\zip.dll
Event: 0.509 Loaded shared library C:\Users\keish\.jdks\openjdk-25.0.1\bin\instrument.dll
Event: 0.523 Loaded shared library C:\Users\keish\.jdks\openjdk-25.0.1\bin\net.dll
Event: 0.528 Loaded shared library C:\Users\keish\.jdks\openjdk-25.0.1\bin\nio.dll
Event: 0.543 Loaded shared library C:\Users\keish\.jdks\openjdk-25.0.1\bin\zip.dll
Event: 1.519 Loaded shared library C:\Users\keish\.jdks\openjdk-25.0.1\bin\extnet.dll
Event: 1.574 Loaded shared library C:\Users\keish\.jdks\openjdk-25.0.1\bin\jimage.dll
Event: 1.619 Loaded shared library C:\Users\keish\.jdks\openjdk-25.0.1\bin\awt.dll
Event: 3.027 Loaded shared library C:\Users\keish\.jdks\openjdk-25.0.1\bin\freetype.dll
Event: 3.057 Loaded shared library C:\Users\keish\.jdks\openjdk-25.0.1\bin\fontmanager.dll
Event: 3.317 Loaded shared library C:\Users\keish\.jdks\openjdk-25.0.1\bin\sunmscapi.dll
Event: 4.406 Loaded shared library C:\Users\keish\.jdks\openjdk-25.0.1\bin\management.dll
Event: 4.411 Loaded shared library C:\Users\keish\.jdks\openjdk-25.0.1\bin\management_ext.dll

Deoptimization events (20 events):
Event: 31.741 Thread 0x0000018258566660 DEOPT PACKING pc=0x000001824894b8c4 sp=0x000000500fbfedf0
Event: 31.741 Thread 0x0000018258566660 DEOPT UNPACKING pc=0x000001824839fc02 sp=0x000000500fbfecf8 mode 2
Event: 87.528 Thread 0x000001825f644fa0 Uncommon trap: trap_request=0xffffff45 fr.pc=0x000001824890d3d8 relative=0x0000000000000058
Event: 87.528 Thread 0x000001825f644fa0 Uncommon trap: reason=unstable_if action=reinterpret pc=0x000001824890d3d8 method=java.nio.channels.spi.AbstractInterruptibleChannel.isOpen()Z @ 4 c2
Event: 87.528 Thread 0x000001825f644fa0 DEOPT PACKING pc=0x000001824890d3d8 sp=0x00000050111fe230
Event: 87.528 Thread 0x000001825f644fa0 DEOPT UNPACKING pc=0x000001824839fc02 sp=0x00000050111fe1c0 mode 2
Event: 91.179 Thread 0x0000018258566660 Uncommon trap: trap_request=0xffffff45 fr.pc=0x0000018248935dd8 relative=0x0000000000000558
Event: 91.179 Thread 0x0000018258566660 Uncommon trap: reason=unstable_if action=reinterpret pc=0x0000018248935dd8 method=java.awt.Container.findComponentAtImpl(IIZ)Ljava/awt/Component; @ 103 c2
Event: 91.179 Thread 0x0000018258566660 DEOPT PACKING pc=0x0000018248935dd8 sp=0x000000500fbfde70
Event: 91.179 Thread 0x0000018258566660 DEOPT UNPACKING pc=0x000001824839fc02 sp=0x000000500fbfde10 mode 2
Event: 91.188 Thread 0x0000018258566660 Uncommon trap: trap_request=0xffffff45 fr.pc=0x00000182489562f0 relative=0x0000000000000070
Event: 91.188 Thread 0x0000018258566660 Uncommon trap: reason=unstable_if action=reinterpret pc=0x00000182489562f0 method=java.awt.Component.getInputContext()Ljava/awt/im/InputContext; @ 6 c2
Event: 91.188 Thread 0x0000018258566660 DEOPT PACKING pc=0x00000182489562f0 sp=0x000000500fbfe820
Event: 91.188 Thread 0x0000018258566660 DEOPT UNPACKING pc=0x000001824839fc02 sp=0x000000500fbfe7b0 mode 2
Event: 122.601 Thread 0x0000018258566660 DEOPT PACKING pc=0x00000182413bbc74 sp=0x000000500fbfd540
Event: 122.601 Thread 0x0000018258566660 DEOPT UNPACKING pc=0x00000182482d1702 sp=0x000000500fbfc9b0 mode 0
Event: 142.717 Thread 0x0000018258566660 Uncommon trap: trap_request=0xffffff66 fr.pc=0x0000018248988008 relative=0x0000000000000608
Event: 142.717 Thread 0x0000018258566660 Uncommon trap: reason=loop_limit_check action=maybe_recompile pc=0x0000018248988008 method=java.awt.EventDispatchThread.filterAndCheckEvent(Ljava/awt/AWTEvent;)Z @ 22 c2
Event: 142.717 Thread 0x0000018258566660 DEOPT PACKING pc=0x0000018248988008 sp=0x000000500fbff210
Event: 142.717 Thread 0x0000018258566660 DEOPT UNPACKING pc=0x000001824839fc02 sp=0x000000500fbff1b0 mode 2

Classes loaded (20 events):
Event: 20.210 Loading class sun/awt/geom/AreaOp done
Event: 20.210 Loading class sun/awt/geom/AreaOp$NZWindOp done
Event: 20.210 Loading class sun/awt/geom/AreaOp$1
Event: 20.210 Loading class sun/awt/geom/AreaOp$1 done
Event: 20.210 Loading class sun/awt/geom/CurveLink
Event: 20.211 Loading class sun/awt/geom/CurveLink done
Event: 20.211 Loading class sun/awt/geom/ChainEnd
Event: 20.211 Loading class sun/awt/geom/ChainEnd done
Event: 20.211 Loading class sun/awt/geom/Edge
Event: 20.211 Loading class sun/awt/geom/Edge done
Event: 20.211 Loading class sun/awt/geom/AreaOp$IntOp
Event: 20.211 Loading class sun/awt/geom/AreaOp$CAGOp
Event: 20.211 Loading class sun/awt/geom/AreaOp$CAGOp done
Event: 20.211 Loading class sun/awt/geom/AreaOp$IntOp done
Event: 89.547 Loading class java/lang/invoke/TypeConvertingMethodAdapter$1
Event: 89.547 Loading class java/lang/invoke/TypeConvertingMethodAdapter$1 done
Event: 89.547 Loading class java/lang/invoke/TypeConvertingMethodAdapter$BoxHolder
Event: 89.547 Loading class java/lang/invoke/TypeConvertingMethodAdapter$BoxHolder done
Event: 125.636 Loading class javax/swing/plaf/basic/BasicRootPaneUI$Actions
Event: 125.636 Loading class javax/swing/plaf/basic/BasicRootPaneUI$Actions done

Classes unloaded (0 events):
No events

Classes redefined (0 events):
No events

Internal exceptions (20 events):
Event: 3.668 Thread 0x000001825e158830 Implicit null exception at 0x000001824887a3f2 to 0x000001824887ac28
Event: 3.840 Thread 0x000001825e15af40 Exception <a 'java/lang/NoSuchMethodError'{0x000000071530b6f0}: 'java.lang.Object java.lang.invoke.Invokers$Holder.invoke_MT(java.lang.Object, java.lang.Object, java.lang.Object, java.lang.Object, java.lang.Object, java.lang.Object)'> (0x000000071530b6f0) 
thrown [s\open\src\hotspot\share\interpreter\linkResolver.cpp, line 804]
Event: 3.842 Thread 0x000001825e15af40 Exception <a 'java/lang/NoSuchMethodError'{0x0000000714c6c6d8}: 'java.lang.Object java.lang.invoke.DirectMethodHandle$Holder.invokeStatic(java.lang.Object, java.lang.Object, int)'> (0x0000000714c6c6d8) 
thrown [s\open\src\hotspot\share\interpreter\linkResolver.cpp, line 804]
Event: 3.848 Thread 0x000001825e15af40 Exception <a 'java/lang/NoSuchMethodError'{0x0000000714c8dcd8}: 'void java.lang.invoke.DelegatingMethodHandle$Holder.delegate(java.lang.Object, java.lang.Object, int, java.lang.Object)'> (0x0000000714c8dcd8) 
thrown [s\open\src\hotspot\share\interpreter\linkResolver.cpp, line 804]
Event: 3.929 Thread 0x000001825e15af40 Exception <a 'java/lang/NoSuchMethodError'{0x0000000714a16a30}: 'void java.lang.invoke.DirectMethodHandle$Holder.invokeStaticInit(java.lang.Object, java.lang.Object, java.lang.Object)'> (0x0000000714a16a30) 
thrown [s\open\src\hotspot\share\interpreter\linkResolver.cpp, line 804]
Event: 4.045 Thread 0x000001825e15af40 Exception <a 'java/lang/NoSuchMethodError'{0x000000071463c838}: 'java.lang.Object java.lang.invoke.DirectMethodHandle$Holder.invokeInterface(java.lang.Object, java.lang.Object)'> (0x000000071463c838) 
thrown [s\open\src\hotspot\share\interpreter\linkResolver.cpp, line 804]
Event: 4.198 Thread 0x0000018258566660 Exception <a 'java/lang/NoSuchMethodError'{0x0000000715618aa8}: 'void java.lang.invoke.DirectMethodHandle$Holder.invokeStaticInit(java.lang.Object)'> (0x0000000715618aa8) 
thrown [s\open\src\hotspot\share\interpreter\linkResolver.cpp, line 804]
Event: 4.222 Thread 0x000001825e15af40 Exception <a 'java/lang/NoSuchMethodError'{0x0000000715716f00}: 'java.lang.Object java.lang.invoke.DirectMethodHandle$Holder.invokeVirtual(java.lang.Object, java.lang.Object, java.lang.Object)'> (0x0000000715716f00) 
thrown [s\open\src\hotspot\share\interpreter\linkResolver.cpp, line 804]
Event: 4.229 Thread 0x000001825e15af40 Exception <a 'java/lang/NoSuchMethodError'{0x00000007157402c8}: 'void java.lang.invoke.Invokers$Holder.invokeExact_MT(java.lang.Object, java.lang.Object, java.lang.Object, java.lang.Object)'> (0x00000007157402c8) 
thrown [s\open\src\hotspot\share\interpreter\linkResolver.cpp, line 804]
Event: 4.319 Thread 0x0000018258566660 Exception <a 'java/lang/NoSuchMethodError'{0x00000007156577e0}: 'int java.lang.invoke.DelegatingMethodHandle$Holder.reinvoke_L(java.lang.Object, java.lang.Object, java.lang.Object, long)'> (0x00000007156577e0) 
thrown [s\open\src\hotspot\share\interpreter\linkResolver.cpp, line 804]
Event: 4.355 Thread 0x000001825e15b710 Exception <a 'java/lang/NoClassDefFoundError'{0x000000070b3edef8}> (0x000000070b3edef8) 
thrown [s\open\src\hotspot\share\oops\instanceKlass.cpp, line 1355]
Event: 4.356 Thread 0x000001825e15b710 Exception <a 'java/lang/NoClassDefFoundError'{0x000000070b3f6378}: org/apache/logging/log4j/spi/ExtendedLoggerWrapper> (0x000000070b3f6378) 
thrown [s\open\src\hotspot\share\classfile\systemDictionary.cpp, line 316]
Event: 4.358 Thread 0x000001825e15b710 Exception <a 'java/lang/NoClassDefFoundError'{0x000000070b3fc7c8}: org/apache/log4j/Priority> (0x000000070b3fc7c8) 
thrown [s\open\src\hotspot\share\classfile\systemDictionary.cpp, line 316]
Event: 4.626 Thread 0x000001825e15b710 Exception <a 'java/lang/NoSuchMethodError'{0x000000070aac1e50}: 'java.lang.Object java.lang.invoke.DirectMethodHandle$Holder.newInvokeSpecial(java.lang.Object, long)'> (0x000000070aac1e50) 
thrown [s\open\src\hotspot\share\interpreter\linkResolver.cpp, line 804]
Event: 4.627 Thread 0x000001825e15b710 Exception <a 'java/lang/NoSuchMethodError'{0x000000070aacb2a0}: 'long java.lang.invoke.DirectMethodHandle$Holder.invokeInterface(java.lang.Object, java.lang.Object)'> (0x000000070aacb2a0) 
thrown [s\open\src\hotspot\share\interpreter\linkResolver.cpp, line 804]
Event: 4.629 Thread 0x000001825e15b710 Exception <a 'java/lang/NoSuchMethodError'{0x000000070aadbd28}: 'long java.lang.invoke.DelegatingMethodHandle$Holder.reinvoke_L(java.lang.Object, java.lang.Object)'> (0x000000070aadbd28) 
thrown [s\open\src\hotspot\share\interpreter\linkResolver.cpp, line 804]
Event: 15.877 Thread 0x0000018258566660 Exception <a 'java/lang/NoSuchMethodError'{0x000000070996d580}: 'int java.lang.invoke.DirectMethodHandle$Holder.invokeStatic(java.lang.Object)'> (0x000000070996d580) 
thrown [s\open\src\hotspot\share\interpreter\linkResolver.cpp, line 804]
Event: 91.179 Thread 0x0000018258566660 Implicit null exception at 0x0000018248935ac5 to 0x0000018248935dc3
Event: 118.980 Thread 0x0000018258566660 Exception <a 'java/lang/NoSuchMethodError'{0x0000000709546bd0}: 'void java.lang.invoke.DirectMethodHandle$Holder.invokeStatic(java.lang.Object, java.lang.Object, java.lang.Object, java.lang.Object)'> (0x0000000709546bd0) 
thrown [s\open\src\hotspot\share\interpreter\linkResolver.cpp, line 804]
Event: 134.364 Thread 0x0000018258566660 Exception <a 'java/lang/NoSuchMethodError'{0x00000007093174f8}: 'void java.lang.invoke.DirectMethodHandle$Holder.invokeSpecial(java.lang.Object, java.lang.Object, java.lang.Object, java.lang.Object, java.lang.Object)'> (0x00000007093174f8) 
thrown [s\open\src\hotspot\share\interpreter\linkResolver.cpp, line 804]

VM Operations (20 events):
Event: 4.526 Executing non-safepoint VM operation: HandshakeAllThreads (Deoptimize)
Event: 4.526 Executing non-safepoint VM operation: HandshakeAllThreads (Deoptimize) done
Event: 5.525 Executing non-safepoint VM operation: HandshakeAllThreads (Deoptimize)
Event: 5.525 Executing non-safepoint VM operation: HandshakeAllThreads (Deoptimize) done
Event: 5.861 Executing non-safepoint VM operation: HandshakeAllThreads (Deoptimize)
Event: 5.861 Executing non-safepoint VM operation: HandshakeAllThreads (Deoptimize) done
Event: 15.657 Executing non-safepoint VM operation: HandshakeAllThreads (Deoptimize)
Event: 15.657 Executing non-safepoint VM operation: HandshakeAllThreads (Deoptimize) done
Event: 60.433 Executing non-safepoint VM operation: HandshakeAllThreads (HandshakeForDeflation)
Event: 60.434 Executing non-safepoint VM operation: HandshakeAllThreads (HandshakeForDeflation) done
Event: 60.434 Executing non-safepoint VM operation: RendezvousGCThreads
Event: 60.434 Executing non-safepoint VM operation: RendezvousGCThreads done
Event: 120.585 Executing non-safepoint VM operation: HandshakeAllThreads (HandshakeForDeflation)
Event: 120.586 Executing non-safepoint VM operation: HandshakeAllThreads (HandshakeForDeflation) done
Event: 120.586 Executing non-safepoint VM operation: RendezvousGCThreads
Event: 120.586 Executing non-safepoint VM operation: RendezvousGCThreads done
Event: 180.823 Executing non-safepoint VM operation: HandshakeAllThreads (HandshakeForDeflation)
Event: 180.823 Executing non-safepoint VM operation: HandshakeAllThreads (HandshakeForDeflation) done
Event: 180.823 Executing non-safepoint VM operation: RendezvousGCThreads
Event: 180.823 Executing non-safepoint VM operation: RendezvousGCThreads done

Memory protections (0 events):
No events

Nmethod flushes (0 events):
No events

Events (20 events):
Event: 4.247 Thread 0x000001825e15af40 Thread added: 0x000001825e159fa0
Event: 4.556 Thread 0x0000018255a981f0 Thread added: 0x000001825f48f900
Event: 4.740 Thread 0x000001825e15b710 Thread added: 0x000001825f644fa0
Event: 4.889 Thread 0x000001825f48f900 Thread exited: 0x000001825f48f900
Event: 5.277 Thread 0x0000018255a981f0 Thread added: 0x000001825f48e8e0
Event: 5.696 Thread 0x000001825e15b710 Thread added: 0x000001825f646ee0
Event: 5.698 Thread 0x000001825f48e8e0 Thread exited: 0x000001825f48e8e0
Event: 5.871 Thread 0x0000018255a981f0 Thread added: 0x000001825f48d8c0
Event: 6.825 Thread 0x000001825f48d8c0 Thread exited: 0x000001825f48d8c0
Event: 8.908 Thread 0x000001825e158830 Thread exited: 0x000001825e158830
Event: 15.625 Thread 0x0000018258566660 Thread added: 0x000001825f644000
Event: 19.259 Thread 0x000001825e159fa0 Thread exited: 0x000001825e159fa0
Event: 20.627 Thread 0x000001825f644000 Thread exited: 0x000001825f644000
Event: 89.552 Thread 0x000001825f644fa0 Thread added: 0x000001825f644000
Event: 89.553 Thread 0x000001825f644fa0 Thread exited: 0x000001825f644fa0
Event: 89.553 Thread 0x000001825f644000 Thread exited: 0x000001825f644000
Event: 91.196 Thread 0x000001825e15b710 Thread added: 0x000001825f644000
Event: 204.072 Thread 0x000001825f644000 Thread added: 0x000001825f643060
Event: 204.072 Thread 0x000001825f644000 Thread exited: 0x000001825f644000
Event: 204.073 Thread 0x000001825f643060 Thread exited: 0x000001825f643060


Dynamic libraries:
0x00007ff759020000 - 0x00007ff75902e000 	C:\Users\keish\.jdks\openjdk-25.0.1\bin\java.exe
0x00007ffa5a7c0000 - 0x00007ffa5aa27000 	C:\Windows\SYSTEM32\ntdll.dll
0x00007ffa1f910000 - 0x00007ffa1f930000 	C:\Program Files\AVG\Antivirus\aswhook.dll
0x00007ffa59cc0000 - 0x00007ffa59d89000 	C:\Windows\System32\KERNEL32.DLL
0x00007ffa57ee0000 - 0x00007ffa582d1000 	C:\Windows\System32\KERNELBASE.dll
0x00007ffa57cb0000 - 0x00007ffa57dfb000 	C:\Windows\System32\ucrtbase.dll
0x00007ffa548b0000 - 0x00007ffa548c7000 	C:\Users\keish\.jdks\openjdk-25.0.1\bin\jli.dll
0x00007ffa588d0000 - 0x00007ffa58a95000 	C:\Windows\System32\USER32.dll
0x00007ffa57e00000 - 0x00007ffa57e27000 	C:\Windows\System32\win32u.dll
0x00007ffa28e00000 - 0x00007ffa29093000 	C:\Windows\WinSxS\amd64_microsoft.windows.common-controls_6595b64144ccf1df_6.0.26100.8037_none_3e092faae333b53b\COMCTL32.dll
0x00007ffa59670000 - 0x00007ffa59719000 	C:\Windows\System32\msvcrt.dll
0x00007ffa59720000 - 0x00007ffa5974b000 	C:\Windows\System32\GDI32.dll
0x00007ffa583a0000 - 0x00007ffa584cb000 	C:\Windows\System32\gdi32full.dll
0x00007ffa570a0000 - 0x00007ffa57143000 	C:\Windows\System32\msvcp_win.dll
0x00007ffa54890000 - 0x00007ffa548ae000 	C:\Users\keish\.jdks\openjdk-25.0.1\bin\VCRUNTIME140.dll
0x00007ffa586b0000 - 0x00007ffa586e1000 	C:\Windows\System32\IMM32.DLL
0x00007ffa54880000 - 0x00007ffa5488c000 	C:\Users\keish\.jdks\openjdk-25.0.1\bin\vcruntime140_1.dll
0x00007ffa54630000 - 0x00007ffa546bd000 	C:\Users\keish\.jdks\openjdk-25.0.1\bin\msvcp140.dll
0x00007ffa50ee0000 - 0x00007ffa51d3f000 	C:\Users\keish\.jdks\openjdk-25.0.1\bin\server\jvm.dll
0x00007ffa58730000 - 0x00007ffa587eb000 	C:\Windows\System32\ADVAPI32.dll
0x00007ffa58aa0000 - 0x00007ffa58b47000 	C:\Windows\System32\sechost.dll
0x00007ffa59ba0000 - 0x00007ffa59cb8000 	C:\Windows\System32\RPCRT4.dll
0x00007ffa5a120000 - 0x00007ffa5a194000 	C:\Windows\System32\WS2_32.dll
0x00007ffa56f00000 - 0x00007ffa56f5e000 	C:\Windows\SYSTEM32\POWRPROF.dll
0x00007ffa4c610000 - 0x00007ffa4c61b000 	C:\Windows\SYSTEM32\VERSION.dll
0x00007ffa4c820000 - 0x00007ffa4c855000 	C:\Windows\SYSTEM32\WINMM.dll
0x00007ffa56ee0000 - 0x00007ffa56ef4000 	C:\Windows\SYSTEM32\UMPDC.dll
0x00007ffa55e30000 - 0x00007ffa55e4b000 	C:\Windows\SYSTEM32\kernel.appcore.dll
0x00007ffa54870000 - 0x00007ffa5487a000 	C:\Users\keish\.jdks\openjdk-25.0.1\bin\jimage.dll
0x00007ffa54da0000 - 0x00007ffa54fe2000 	C:\Windows\SYSTEM32\DBGHELP.DLL
0x00007ffa58b50000 - 0x00007ffa58ed2000 	C:\Windows\System32\combase.dll
0x00007ffa587f0000 - 0x00007ffa588c7000 	C:\Windows\System32\OLEAUT32.dll
0x00007ffa442d0000 - 0x00007ffa4430b000 	C:\Windows\SYSTEM32\dbgcore.DLL
0x00007ffa57e30000 - 0x00007ffa57ed5000 	C:\Windows\System32\bcryptPrimitives.dll
0x00007ffa54860000 - 0x00007ffa54870000 	C:\Users\keish\.jdks\openjdk-25.0.1\bin\instrument.dll
0x00007ffa54840000 - 0x00007ffa5485f000 	C:\Users\keish\.jdks\openjdk-25.0.1\bin\java.dll
0x00007ffa59e30000 - 0x00007ffa59fc5000 	C:\Windows\System32\ole32.dll
0x00007ffa58f00000 - 0x00007ffa5965f000 	C:\Windows\System32\SHELL32.dll
0x00007ffa572d0000 - 0x00007ffa5743a000 	C:\Windows\System32\wintypes.dll
0x00007ffa57440000 - 0x00007ffa57ca4000 	C:\Windows\System32\windows.storage.dll
0x00007ffa59aa0000 - 0x00007ffa59b97000 	C:\Windows\System32\SHCORE.dll
0x00007ffa5a0b0000 - 0x00007ffa5a117000 	C:\Windows\System32\shlwapi.dll
0x00007ffa56fc0000 - 0x00007ffa56fe9000 	C:\Windows\SYSTEM32\profapi.dll
0x00007ffa52280000 - 0x00007ffa52297000 	C:\Users\keish\.jdks\openjdk-25.0.1\bin\zip.dll
0x00007ffa54610000 - 0x00007ffa54622000 	C:\Users\keish\.jdks\openjdk-25.0.1\bin\net.dll
0x00007ffa563a0000 - 0x00007ffa5640b000 	C:\Windows\system32\mswsock.dll
0x00007ffa545f0000 - 0x00007ffa54606000 	C:\Users\keish\.jdks\openjdk-25.0.1\bin\nio.dll
0x00007ffa545e0000 - 0x00007ffa545e9000 	C:\Users\keish\.jdks\openjdk-25.0.1\bin\extnet.dll
0x00007ff9f09b0000 - 0x00007ff9f0b33000 	C:\Users\keish\.jdks\openjdk-25.0.1\bin\awt.dll
0x00007ffa54270000 - 0x00007ffa5430f000 	C:\Windows\SYSTEM32\apphelp.dll
0x00007ffa54490000 - 0x00007ffa5453a000 	C:\Windows\system32\uxtheme.dll
0x00007ffa59750000 - 0x00007ffa598ad000 	C:\Windows\System32\MSCTF.dll
0x00007ffa54980000 - 0x00007ffa549ae000 	C:\Windows\system32\DWMAPI.DLL
0x00007ffa0d4f0000 - 0x00007ffa0d5fe000 	C:\Windows\system32\opengl32.dll
0x00007ffa50130000 - 0x00007ffa5015d000 	C:\Windows\SYSTEM32\GLU32.dll
0x00007ffa54930000 - 0x00007ffa54973000 	C:\Windows\SYSTEM32\dxcore.dll
0x00007ffa56690000 - 0x00007ffa566ab000 	C:\Windows\SYSTEM32\CRYPTSP.dll
0x00007ffa55d90000 - 0x00007ffa55dc9000 	C:\Windows\system32\rsaenh.dll
0x00007ffa56450000 - 0x00007ffa56482000 	C:\Windows\SYSTEM32\USERENV.dll
0x00007ffa56f90000 - 0x00007ffa56fba000 	C:\Windows\SYSTEM32\bcrypt.dll
0x00007ffa56680000 - 0x00007ffa5668c000 	C:\Windows\SYSTEM32\CRYPTBASE.dll
0x00007ffa55830000 - 0x00007ffa55863000 	C:\Windows\SYSTEM32\IPHLPAPI.DLL
0x00007ffa59a90000 - 0x00007ffa59a9a000 	C:\Windows\System32\NSI.dll
0x00007ffa1c830000 - 0x00007ffa1c8b7000 	C:\Users\keish\.jdks\openjdk-25.0.1\bin\freetype.dll
0x00007ffa0d400000 - 0x00007ffa0d4ee000 	C:\Users\keish\.jdks\openjdk-25.0.1\bin\fontmanager.dll
0x00007ffa520e0000 - 0x00007ffa520ee000 	C:\Users\keish\.jdks\openjdk-25.0.1\bin\sunmscapi.dll
0x00007ffa57150000 - 0x00007ffa572c7000 	C:\Windows\System32\CRYPT32.dll
0x00007ffa568a0000 - 0x00007ffa568d0000 	C:\Windows\SYSTEM32\ncrypt.dll
0x00007ffa56850000 - 0x00007ffa5688f000 	C:\Windows\SYSTEM32\NTASN1.dll
0x00007ffa558f0000 - 0x00007ffa55a1a000 	C:\Windows\SYSTEM32\DNSAPI.dll
0x00007ffa4c650000 - 0x00007ffa4c65b000 	C:\Windows\System32\rasadhlp.dll
0x00007ffa4f820000 - 0x00007ffa4f8a6000 	C:\Windows\System32\fwpuclnt.dll
0x00007ffa5a640000 - 0x00007ffa5a6ee000 	C:\Windows\System32\clbcatq.dll
0x00007ffa52a10000 - 0x00007ffa52c3d000 	C:\Windows\SYSTEM32\WindowsCodecs.dll
0x00007ffa2e780000 - 0x00007ffa2e7da000 	C:\Windows\system32\dataexchange.dll
0x00007ffa44ff0000 - 0x00007ffa45234000 	C:\Windows\system32\twinapi.appcore.dll
0x00007ffa520d0000 - 0x00007ffa520da000 	C:\Users\keish\.jdks\openjdk-25.0.1\bin\management.dll
0x00007ffa520c0000 - 0x00007ffa520cc000 	C:\Users\keish\.jdks\openjdk-25.0.1\bin\management_ext.dll
0x00007ffa5a1a0000 - 0x00007ffa5a1a8000 	C:\Windows\System32\PSAPI.DLL
0x00007ffa1c9a0000 - 0x00007ffa1c9a8000 	C:\Windows\system32\wshunix.dll
0x00007ffa2fae0000 - 0x00007ffa2fc28000 	C:\Windows\SYSTEM32\textinputframework.dll
0x00007ffa53e90000 - 0x00007ffa53fb7000 	C:\Windows\SYSTEM32\CoreMessaging.dll
0x00007ffa4ecb0000 - 0x00007ffa4ef92000 	C:\Windows\SYSTEM32\CoreUIComponents.dll

JVMTI agents:
C:\Program Files\JetBrains\IntelliJ IDEA Community Edition 2025.1.3\lib\idea_rt.jar path:C:\Users\keish\.jdks\openjdk-25.0.1\bin\instrument.dll, loaded, initialized, instrumentlib options:55524

dbghelp: loaded successfully - version: 4.0.5 - missing functions: none
symbol engine: initialized successfully - sym options: 0x614 - pdb path: .;C:\Users\keish\.jdks\openjdk-25.0.1\bin;C:\Windows\SYSTEM32;C:\Program Files\AVG\Antivirus;C:\Windows\WinSxS\amd64_microsoft.windows.common-controls_6595b64144ccf1df_6.0.26100.8037_none_3e092faae333b53b;C:\Users\keish\.jdks\openjdk-25.0.1\bin\server

VM Arguments:
jvm_args: --enable-preview -javaagent:C:\Program Files\JetBrains\IntelliJ IDEA Community Edition 2025.1.3\lib\idea_rt.jar=55524 -Dfile.encoding=UTF-8 -Dsun.stdout.encoding=UTF-8 -Dsun.stderr.encoding=UTF-8 
java_command: main.app.MainFrame
java_class_path (initial): C:\Users\keish\Software_Design_Final_Project\target\classes;C:\Users\keish\.m2\repository\com\google\firebase\firebase-admin\9.2.0\firebase-admin-9.2.0.jar;C:\Users\keish\.m2\repository\com\google\api-client\google-api-client\2.2.0\google-api-client-2.2.0.jar;C:\Users\keish\.m2\repository\commons-codec\commons-codec\1.15\commons-codec-1.15.jar;C:\Users\keish\.m2\repository\com\google\oauth-client\google-oauth-client\1.34.1\google-oauth-client-1.34.1.jar;C:\Users\keish\.m2\repository\com\google\http-client\google-http-client-gson\1.42.3\google-http-client-gson-1.42.3.jar;C:\Users\keish\.m2\repository\com\google\http-client\google-http-client-apache-v2\1.42.3\google-http-client-apache-v2-1.42.3.jar;C:\Users\keish\.m2\repository\org\apache\httpcomponents\httpcore\4.4.16\httpcore-4.4.16.jar;C:\Users\keish\.m2\repository\org\apache\httpcomponents\httpclient\4.5.14\httpclient-4.5.14.jar;C:\Users\keish\.m2\repository\com\google\api-client\google-api-client-gson\2.2.0\google-api-client-gson-2.2.0.jar;C:\Users\keish\.m2\repository\com\google\http-client\google-http-client\1.43.1\google-http-client-1.43.1.jar;C:\Users\keish\.m2\repository\com\google\code\findbugs\jsr305\3.0.2\jsr305-3.0.2.jar;C:\Users\keish\.m2\repository\com\google\errorprone\error_prone_annotations\2.18.0\error_prone_annotations-2.18.0.jar;C:\Users\keish\.m2\repository\com\google\j2objc\j2objc-annotations\1.3\j2objc-annotations-1.3.jar;C:\Users\keish\.m2\repository\io\opencensus\opencensus-api\0.31.1\opencensus-api-0.31.1.jar;C:\Users\keish\.m2\repository\io\opencensus\opencensus-contrib-http-util\0.31.1\opencensus-contrib-http-util-0.31.1.jar;C:\Users\keish\.m2\repository\com\google\api\api-common\2.12.0\api-common-2.12.0.jar;C:\Users\keish\.m2\repository\com\google\auto\value\auto-value-annotations\1.10.1\auto-value-annotations-1.10.1.jar;C:\Users\keish\.m2\repository\javax\annotation\javax.annotation-api\1.3.2\javax.annotation-api-1.3.2.jar;C:\Users\keish\.m2\repository\com\google\auth\google-auth-library-oauth2-http\1.17.0\google-auth-library-oauth2-http-1.17.0.jar;C:\Users\keish\.m2\repository\com\google\auth\google-auth-library-credentials\1.17.0\google-auth-library-credentials-1.17.0.jar;C:\Users\keish\.m2\repository\com\google\cloud\google-cloud-storage\2.22.4\google-cloud-storage-2.22.4.jar;C:\Users\keish\.m2\repository\com\google\guava\failureaccess\1.0.1\failureaccess-1.0.1.jar;C:\Users\keish\.m2\repository\com\google\guava\listenablefuture\9999.0-empty-to-avoid-conflict-with-guava\listenablefuture-9999.0-empty-to-avoid-conflict-with-guava.jar;C:\Users\keish\.m2\repository\com\google\http-client\google-http-client-jackson2\1.43.1\google-http-client-jackson2-1.43.1.jar;C:\Users\keish\.m2\repository\com\google\apis\google-api-services-storage\v1-rev20230301-2.0.0\google-api-services-storage-v1-rev20230301-2.0.0.jar;C:\Users\keish\.m2\repository\com\google\code\gson\gson\2.10.1\gson-2.10.1.jar;C:\Users\keish\.m2\repository\com\google\cloud\google-cloud-core\2.19.0\google-cloud-core-2.19.0.jar;C:\Users\keish\.m2\repository\com\google\cloud\google-cloud-core-http\2.19.0\google-cloud-core-http-2.19.0.jar;C:\Users\keish\.m2\repository\com\google\http-client\google-http-client-appengine\1.43.1\google-http-client-appengine-1.43.1.jar;C:\Users\keish\.m2\repository\com\google\api\gax-httpjson\0.114.0\gax-httpjson-0.114.0.jar;C:\Users\keish\.m2\repository\com\google\cloud\google-cloud-core-grpc\2.19.0\google-cloud-core-grpc-2.19.0.jar;C:\Users\keish\.m2\repository\com\google\api\gax\2.29.0\gax-2.29.0.jar;C:\Users\keish\.m2\repository\com\google\api\gax-grpc\2.29.0\gax-grpc-2.29.0.jar;C:\Users\keish\.m2\repository\io\grpc\grpc-alts\1.55.1\grpc-alts-1.55.1.jar;C:\Users\keish\.m2\repository\io\grpc\grpc-grpclb\1.55.1\grpc-grpclb-1.55.1.jar;C:\Users\keish\.m2\repository\org\conscrypt\conscrypt-openjdk-uber\2.5.2\conscrypt-openjdk-uber-2.5.2.jar;C:\Users\keish\.m2\repository\io\grpc\grpc-auth\1.55.1\grpc-auth-1.55.1.jar;C:\Users\keish\.m2\repository\io\grpc\grpc-protobuf\1.55.1\grpc-protobuf-1.55.1.jar;C:\Users\keish\.m2\repository\io\grpc\grpc-protobuf-lite\1.55.1\grpc-protobuf-lite-1.55.1.jar;C:\Users\keish\.m2\repository\io\grpc\grpc-context\1.55.1\grpc-context-1.55.1.jar;C:\Users\keish\.m2\repository\com\google\api\grpc\proto-google-iam-v1\1.15.0\proto-google-iam-v1-1.15.0.jar;C:\Users\keish\.m2\repository\com\google\protobuf\protobuf-java\3.23.2\protobuf-java-3.23.2.jar;C:\Users\keish\.m2\repository\com\google\protobuf\protobuf-java-util\3.23.2\protobuf-java-util-3.23.2.jar;C:\Users\keish\.m2\repository\com\google\api\grpc\proto-google-common-protos\2.20.0\proto-google-common-protos-2.20.0.jar;C:\Users\keish\.m2\repository\org\threeten\threetenbp\1.6.8\threetenbp-1.6.8.jar;C:\Users\keish\.m2\repository\com\google\api\grpc\proto-google-cloud-storage-v2\2.22.4-alpha\proto-google-cloud-storage-v2-2.22.4-alpha.jar;C:\Users\keish\.m2\repository\com\google\api\grpc\grpc-google-cloud-storage-v2\2.22.4-alpha\grpc-google-cloud-storage-v2-2.22.4-alpha.jar;C:\Users\keish\.m2\repository\com\google\api\grpc\gapic-google-cloud-storage-v2\2.22.4-alpha\gapic-google-cloud-storage-v2-2.22.4-alpha.jar;C:\Users\keish\.m2\repository\com\fasterxml\jackson\core\jackson-core\2.14.2\jackson-core-2.14.2.jar;C:\Users\keish\.m2\repository\io\grpc\grpc-api\1.55.1\grpc-api-1.55.1.jar;C:\Users\keish\.m2\repository\io\grpc\grpc-netty-shaded\1.55.1\grpc-netty-shaded-1.55.1.jar;C:\Users\keish\.m2\repository\io\perfmark\perfmark-api\0.26.0\perfmark-api-0.26.0.jar;C:\Users\keish\.m2\repository\io\grpc\grpc-core\1.55.1\grpc-core-1.55.1.jar;C:\Users\keish\.m2\repository\com\google\android\annotations\4.1.1.4\annotations-4.1.1.4.jar;C:\Users\keish\.m2\repository\org\codehaus\mojo\animal-sniffer-annotations\1.23\animal-sniffer-annotations-1.23.jar;C:\Users\keish\.m2\repository\io\grpc\grpc-stub\1.55.1\grpc-stub-1.55.1.jar;C:\Users\keish\.m2\repository\io\grpc\grpc-googleapis\1.55.1\grpc-googleapis-1.55.1.jar;C:\Users\keish\.m2\repository\org\checkerframework\checker-qual\3.32.0\checker-qual-3.32.0.jar;C:\Users\keish\.m2\repository\io\grpc\grpc-xds\1.55.1\grpc-xds-1.55.1.jar;C:\Users\keish\.m2\repository\io\opencensus\opencensus-proto\0.2.0\opencensus-proto-0.2.0.jar;C:\Users\keish\.m2\repository\io\grpc\grpc-services\1.55.1\grpc-services-1.55.1.jar;C:\Users\keish\.m2\repository\com\google\re2j\re2j\1.6\re2j-1.6.jar;C:\Users\keish\.m2\repository\io\grpc\grpc-rls\1.55.1\grpc-rls-1.55.1.jar;C:\Users\keish\.m2\repository\com\google\cloud\google-cloud-firestore\3.13.0\google-cloud-firestore-3.13.0.jar;C:\Users\keish\.m2\repository\commons-logging\commons-logging\1.2\commons-logging-1.2.jar;C:\Users\keish\.m2\repository\com\google\api\grpc\proto-google-cloud-firestore-v1\3.13.0\proto-google-cloud-firestore-v1-3.13.0.jar;C:\Users\keish\.m2\repository\com\google\cloud\proto-google-cloud-firestore-bundle-v1\3.13.0\proto-google-cloud-firestore-bundle-v1-3.13.0.jar;C:\Users\keish\.m2\repository\io\opencensus\opencensus-contrib-grpc-util\0.31.1\opencensus-contrib-grpc-util-0.31.1.jar;C:\Users\keish\.m2\repository\com\google\guava\guava\31.1-jre\guava-31.1-jre.jar;C:\Users\keish\.m2\repository\org\slf4j\slf4j-api\2.0.7\slf4j-api-2.0.7.jar;C:\Users\keish\.m2\repository\io\netty\netty-codec-http\4.1.94.Final\netty-codec-http-4.1.94.Final.jar;C:\Users\keish\.m2\repository\io\netty\netty-common\4.1.94.Final\netty-common-4.1.94.Final.jar;C:\Users\keish\.m2\repository\io\netty\netty-buffer\4.1.94.Final\netty-buffer-4.1.94.Final.jar;C:\Users\keish\.m2\repository\io\netty\netty-codec\4.1.94.Final\netty-codec-4.1.94.Final.jar;C:\Users\keish\.m2\repository\io\netty\netty-handler\4.1.94.Final\netty-handler-4.1.94.Final.jar;C:\Users\keish\.m2\repository\io\netty\netty-resolver\4.1.94.Final\netty-resolver-4.1.94.Final.jar;C:\Users\keish\.m2\repository\io\netty\netty-transport-native-unix-common\4.1.94.Final\netty-transport-native-unix-common-4.1.94.Final.jar;C:\Users\keish\.m2\repository\io\netty\netty-transport\4.1.94.Final\netty-transport-4.1.94.Final.jar
Launcher Type: SUN_STANDARD

[Global flags]
     intx CICompilerCount                          = 4                                         {product} {ergonomic}
     uint ConcGCThreads                            = 3                                         {product} {ergonomic}
     uint G1ConcRefinementThreads                  = 10                                        {product} {ergonomic}
   size_t G1HeapRegionSize                         = 2097152                                   {product} {ergonomic}
   size_t InitialHeapSize                          = 264241152                                 {product} {ergonomic}
   size_t MarkStackSize                            = 4194304                                   {product} {ergonomic}
   size_t MarkStackSizeMax                         = 536870912                                 {product} {ergonomic}
   size_t MaxHeapSize                              = 4198498304                                {product} {ergonomic}
   size_t MaxNewSize                               = 2518679552                                {product} {ergonomic}
   size_t MinHeapDeltaBytes                        = 2097152                                   {product} {ergonomic}
   size_t MinHeapSize                              = 8388608                                   {product} {ergonomic}
    uintx NonNMethodCodeHeapSize                   = 5832704                                {pd product} {ergonomic}
    uintx NonProfiledCodeHeapSize                  = 122945536                              {pd product} {ergonomic}
    uintx ProfiledCodeHeapSize                     = 122880000                              {pd product} {ergonomic}
    uintx ReservedCodeCacheSize                    = 251658240                              {pd product} {ergonomic}
     bool SegmentedCodeCache                       = true                                      {product} {ergonomic}
   size_t SoftMaxHeapSize                          = 4198498304                             {manageable} {ergonomic}
     bool UseCompressedOops                        = true                           {product lp64_product} {ergonomic}
     bool UseG1GC                                  = true                                      {product} {ergonomic}
     bool UseLargePagesIndividualAllocation        = false                                  {pd product} {ergonomic}

Logging:
Log output configuration:
 #0: stdout all=warning uptime,level,tags foldmultilines=false
 #1: stderr all=off uptime,level,tags foldmultilines=false

Release file:
IMPLEMENTOR="Oracle Corporation" 
JAVA_RUNTIME_VERSION="25.0.1+8-27" 
JAVA_VERSION="25.0.1" 
JAVA_VERSION_DATE="2025-10-21" 
LIBC="default" 
MODULES="java.base java.compiler java.datatransfer java.xml java.prefs java.desktop java.instrument java.logging java.management java.security.sasl java.naming java.rmi java.management.rmi java.net.http java.scripting java.security.jgss java.transaction.xa java.sql java.sql.rowset java.xml.crypto java.se java.smartcardio jdk.accessibility jdk.internal.jvmstat jdk.attach jdk.charsets jdk.internal.opt jdk.zipfs jdk.compiler jdk.crypto.cryptoki jdk.crypto.ec jdk.crypto.mscapi jdk.dynalink jdk.internal.ed jdk.editpad jdk.internal.vm.ci jdk.graal.compiler jdk.graal.compiler.management jdk.hotspot.agent jdk.httpserver jdk.incubator.vector jdk.internal.le jdk.internal.md jdk.jartool jdk.javadoc jdk.jcmd jdk.management jdk.management.agent jdk.jconsole jdk.jdeps jdk.jdwp.agent jdk.jdi jdk.jfr jdk.jlink jdk.jpackage jdk.jshell jdk.jsobject jdk.jstatd jdk.localedata jdk.management.jfr jdk.naming.dns jdk.naming.rmi jdk.net jdk.nio.mapmode jdk.sctp jdk.security.auth jdk.security.jgss jdk.unsupported jdk.unsupported.desktop jdk.xml.dom" 
OS_ARCH="x86_64" 
OS_NAME="Windows" 
SOURCE=".:git:78770bfaefd2" 

Environment Variables:
PATH=C:\Python313\Scripts\;C:\Python313\;C:\Program Files\Common Files\Oracle\Java\javapath;C:\Windows\system32;C:\Windows;C:\Windows\System32\Wbem;C:\Windows\System32\WindowsPowerShell\v1.0\;C:\Windows\System32\OpenSSH\;C:\ProgramData\chocolatey\bin;C:\Program Files\dotnet\;C:\Program Files (x86)\Windows Kits\10\Windows Performance Toolkit\;%NVM_HOME%;%NVM_SYMLINK%;C:\Program Files\Git\cmd;C:\Users\keish\AppData\Local\Microsoft\WindowsApps;C:\Users\keish\AppData\Local\Programs\Microsoft VS Code\bin;C:\Users\keish\AppData\Roaming\npm;C:\intelFPGA_lite\20.1\modelsim_ase\win32aloem;C:\Users\keish\AppData\Local\nvm;C:\nvm4w\nodejs
USERNAME=keish
OS=Windows_NT
PROCESSOR_IDENTIFIER=Intel64 Family 6 Model 186 Stepping 2, GenuineIntel
TMP=C:\Users\keish\AppData\Local\Temp
TEMP=C:\Users\keish\AppData\Local\Temp




Compilation memory statistics disabled.

Periodic native trim disabled

---------------  S Y S T E M  ---------------

OS:
 Windows 11 , 64 bit Build 26100 (10.0.26100.7920)
OS uptime: 21 days 7:54 hours
Hyper-V role detected

CPU: total 12 (initial active 12) (6 cores per cpu, 2 threads per core) family 6 model 186 stepping 2 microcode 0x4122, cx8, cmov, fxsr, ht, mmx, 3dnowpref, sse, sse2, sse3, ssse3, sse4.1, sse4.2, popcnt, lzcnt, tsc, tscinvbit, avx, avx2, aes, erms, clmul, bmi1, bmi2, adx, sha, fma, vzeroupper, clflush, clflushopt, clwb, hv, serialize, rdtscp, rdpid, fsrm, gfni, f16c, cet_ibt, cet_ss
Processor Information for processor 0
  Max Mhz: 2100, Current Mhz: 1453, Mhz Limit: 2100
Processor Information for processor 1
  Max Mhz: 2100, Current Mhz: 1453, Mhz Limit: 2100
Processor Information for processor 2
  Max Mhz: 2100, Current Mhz: 1453, Mhz Limit: 2100
Processor Information for processor 3
  Max Mhz: 2100, Current Mhz: 1453, Mhz Limit: 2100
Processor Information for processor 4
  Max Mhz: 2100, Current Mhz: 1453, Mhz Limit: 2100
Processor Information for processor 5
  Max Mhz: 2100, Current Mhz: 1453, Mhz Limit: 2100
Processor Information for processor 6
  Max Mhz: 2100, Current Mhz: 1453, Mhz Limit: 2100
Processor Information for processor 7
  Max Mhz: 2100, Current Mhz: 1453, Mhz Limit: 2100
Processor Information for processor 8
  Max Mhz: 2100, Current Mhz: 1500, Mhz Limit: 1491
Processor Information for processor 9
  Max Mhz: 2100, Current Mhz: 1500, Mhz Limit: 1491
Processor Information for processor 10
  Max Mhz: 2100, Current Mhz: 1500, Mhz Limit: 1491
Processor Information for processor 11
  Max Mhz: 2100, Current Mhz: 1500, Mhz Limit: 1491

Memory: 4k page, system-wide physical 16009M (2739M free)
TotalPageFile size 32306M (AvailPageFile size 6249M)
current process WorkingSet (physical memory assigned to process): 175M, peak: 191M
current process commit charge ("private bytes"): 253M, peak: 411M

vm_info: OpenJDK 64-Bit Server VM (25.0.1+8-27) for windows-amd64 JRE (25.0.1+8-27), built on 2025-09-25T16:41:16Z with unknown MS VC++:1943

END.
